survey_id,time,squarerootTime,volume,infiltration,comment
PMD_04_18-02-21,0,0,80,0,NA
PMD_04_18-02-21,30,5.477225575,76,0.251504108,NA
PMD_04_18-02-21,60,7.745966692,74,0.377256161,NA
PMD_04_18-02-21,90,9.486832981,72,0.503008215,NA
PMD_04_18-02-21,120,10.95445115,70.5,0.597322256,NA
PMD_04_18-02-21,150,12.24744871,69,0.691636296,NA
PMD_04_18-02-21,180,13.41640786,67.5,0.785950336,NA
PMD_04_18-02-21,210,14.49137675,66,0.880264377,NA
PMD_04_18-02-21,240,15.49193338,65,0.943140404,NA
PMD_04_18-02-21,270,16.43167673,64,1.00601643,NA
PMD_04_18-02-21,300,17.32050808,63,1.068892457,NA
PMD_04_18-02-21,330,18.16590212,62,1.131768484,NA
PMD_04_18-02-21,360,18.97366596,61,1.194644511,NA
PMD_04_18-02-21,390,19.74841766,60,1.257520538,NA
PMD_04_18-02-21,420,20.49390153,59,1.320396565,NA
PMD_04_18-02-21,450,21.21320344,58,1.383272592,NA
PMD_04_18-02-21,480,21.9089023,57.5,1.414710605,NA
PMD_04_18-02-21,510,22.58317958,56,1.509024646,NA
PMD_04_18-02-21,540,23.23790008,55,1.571900673,NA
PMD_04_18-02-21,570,23.87467277,54.5,1.603338686,NA
PMD_04_18-02-21,600,24.49489743,54,1.634776699,NA
PMD_04_18-02-21,630,25.0998008,53,1.697652726,NA
PMD_04_18-02-21,660,25.69046516,52,1.760528753,NA
PMD_04_18-02-21,690,26.26785107,51.5,1.791966767,NA
PMD_04_18-02-21,720,26.83281573,51,1.82340478,NA
PMD_04_18-02-21,750,27.38612788,50,1.886280807,NA
PMD_04_18-02-21,780,27.92848009,49.5,1.91771882,NA
PMD_04_18-02-21,810,28.46049894,49,1.949156834,NA
PMD_04_18-02-21,840,28.98275349,48,2.012032861,NA
PMD_04_18-02-21,870,29.49576241,47,2.074908888,NA
PMD_04_18-02-21,900,30,46.5,2.106346901,NA
PMD_04_18-02-21,930,30.49590136,46,2.137784915,NA
PMD_04_18-02-21,960,30.98386677,45,2.200660942,NA
PMD_04_18-02-21,990,31.46426545,44.5,2.232098955,NA
PMD_04_18-02-21,1020,31.93743885,44,2.263536968,NA
PMD_04_18-02-21,1050,32.40370349,43,2.326412995,NA
PMD_04_18-02-21,1080,32.86335345,42.5,2.357851009,NA
PMD_04_18-02-21,1110,33.3166625,42,2.389289022,NA
PMD_04_18-02-21,1140,33.76388603,41.5,2.420727036,NA
PMD_04_18-02-21,1170,34.20526275,41,2.452165049,NA
PMD_04_18-02-21,1200,34.64101615,40,2.515041076,NA
PMD01_NAT02_18-02-21,0,0,71,0,NA
PMD01_NAT02_18-02-21,30,5.477225575,70.5,0.031438013,NA
PMD01_NAT02_18-02-21,60,7.745966692,70,0.062876027,NA
PMD01_NAT02_18-02-21,90,9.486832981,70,0.062876027,NA
PMD01_NAT02_18-02-21,120,10.95445115,69.5,0.09431404,NA
PMD01_NAT02_18-02-21,150,12.24744871,69,0.125752054,NA
PMD01_NAT02_18-02-21,180,13.41640786,69,0.125752054,NA
PMD01_NAT02_18-02-21,210,14.49137675,68.5,0.157190067,NA
PMD01_NAT02_18-02-21,240,15.49193338,68.5,0.157190067,NA
PMD01_NAT02_18-02-21,270,16.43167673,68,0.188628081,NA
PMD01_NAT02_18-02-21,300,17.32050808,68,0.188628081,NA
PMD01_NAT02_18-02-21,330,18.16590212,68,0.188628081,NA
PMD01_NAT02_18-02-21,360,18.97366596,68,0.188628081,just below
PMD01_NAT02_18-02-21,390,19.74841766,67.5,0.220066094,NA
PMD01_NAT02_18-02-21,420,20.49390153,67.5,0.220066094,NA
PMD01_NAT02_18-02-21,450,21.21320344,67.5,0.220066094,NA
PMD01_NAT02_18-02-21,480,21.9089023,67,0.251504108,NA
PMD01_NAT02_18-02-21,510,22.58317958,67,0.251504108,NA
PMD01_NAT02_18-02-21,540,23.23790008,67,0.251504108,NA
PMD01_NAT02_18-02-21,570,23.87467277,67,0.251504108,NA
PMD01_NAT02_18-02-21,600,24.49489743,67,0.251504108,NA
PMD01_NAT02_18-02-21,630,25.0998008,66.5,0.282942121,NA
PMD01_NAT02_18-02-21,660,25.69046516,66.5,0.282942121,NA
PMD01_NAT02_18-02-21,690,26.26785107,66.5,0.282942121,NA
PMD01_NAT02_18-02-21,720,26.83281573,66,0.314380135,NA
PMD01_NAT02_18-02-21,750,27.38612788,66,0.314380135,NA
PMD01_NAT02_18-02-21,780,27.92848009,66,0.314380135,NA
PMD01_NAT02_18-02-21,810,28.46049894,66,0.314380135,NA
PMD01_NAT02_18-02-21,840,28.98275349,66,0.314380135,NA
PMD01_NAT02_18-02-21,870,29.49576241,66,0.314380135,NA
PMD01_NAT02_18-02-21,900,30,65.5,0.345818148,NA
PMD01_NAT02_18-02-21,930,30.49590136,65.5,0.345818148,NA
PMD01_NAT02_18-02-21,960,30.98386677,65.5,0.345818148,NA
PMD01_NAT02_18-02-21,990,31.46426545,65.5,0.345818148,NA
PMD01_NAT02_18-02-21,1020,31.93743885,65.5,0.345818148,NA
PMD01_NAT02_18-02-21,1050,32.40370349,65,0.377256161,NA
PMD01_NAT02_18-02-21,1080,32.86335345,65,0.377256161,NA
PMD01_NAT02_18-02-21,1110,33.3166625,65,0.377256161,NA
PMD01_NAT02_18-02-21,1140,33.76388603,65,0.377256161,NA
PMD01_NAT02_18-02-21,1170,34.20526275,65,0.377256161,NA
PMD01_NAT02_18-02-21,1200,34.64101615,65,0.377256161,NA
PMD01_NAT02_18-02-21,1230,35.07135583,64.5,0.408694175,NA
PMD01_NAT02_18-02-21,1260,35.4964787,64.5,0.408694175,NA
PMD01_NAT02_18-02-21,1290,35.91656999,64.5,0.408694175,NA
PMD01_NAT02_18-02-21,1320,36.33180425,64.5,0.408694175,NA
PMD01_NAT02_18-02-21,1350,36.74234614,64.5,0.408694175,NA
PMD01_NAT02_18-02-21,1380,37.14835124,64.5,0.408694175,NA
PMD01_NAT02_18-02-21,1410,37.54996671,64.5,0.408694175,NA
PMD01_NAT02_18-02-21,1440,37.94733192,64,0.440132188,NA
PMD01_NAT02_18-02-21,1470,38.34057903,64,0.440132188,NA
PMD01_NAT02_18-02-21,1500,38.72983346,63.5,0.471570202,NA
PMD01_NAT02_18-02-21,1530,39.11521443,63.5,0.471570202,NA
PMD01_NAT02_18-02-21,1560,39.49683532,63.5,0.471570202,NA
PMD01_NAT02_18-02-21,1590,39.87480407,63.5,0.471570202,NA
PMD01_NAT02_18-02-21,1620,40.24922359,63,0.503008215,NA
PMD01_NAT02_18-02-21,1650,40.62019202,63,0.503008215,NA
PMD01_NAT02_18-02-21,1680,40.98780306,63,0.503008215,NA
PMD01_NAT02_18-02-21,1710,41.35214626,63,0.503008215,NA
PMD01_NAT02_18-02-21,1740,41.71330723,63,0.503008215,NA
PMD01_NAT02_18-02-21,1770,42.07136794,80,0.125752054,just below
PMD01_NAT02_18-02-21,1770,42.07136794,63,0.503008215,NA
PMD01_NAT02_18-02-21,1800,42.42640687,62.5,0.534446229,NA
PMD01_NAT02_18-02-21,1830,42.77849927,62.5,0.534446229,NA
PMD01_NAT02_18-02-21,1860,43.12771731,62.5,0.534446229,NA
PMD01_NAT02_18-02-21,1890,43.47413024,62.5,0.534446229,NA
PMD01_NAT02_18-02-21,1920,43.8178046,62.5,0.534446229,NA
PMD01_NAT02_18-02-21,1950,44.15880433,62,0.565884242,NA
PMD01_NAT02_18-02-21,1980,44.49719092,62,0.565884242,NA
PMD01_NAT02_18-02-21,2010,44.83302354,62,0.565884242,NA
PMD01_NAT02_18-02-21,2040,45.16635916,61.5,0.597322256,NA
PMD01_NAT02_18-02-21,2070,45.49725266,61.5,0.597322256,NA
PMD01_NAT02_18-02-21,2100,45.82575695,61.5,0.597322256,NA
PMD01_NAT02_18-02-21,2130,46.15192304,61.5,0.597322256,NA
PMD01_NAT02_18-02-21,2160,46.47580015,61,0.628760269,NA
PMD01_NAT02_18-02-21,2190,46.79743583,61,0.628760269,NA
PMD03_MED02_18-02-21,0,0,76,0,NA
PMD03_MED02_18-02-21,30,5.477225575,74.5,0.09431404,NA
PMD03_MED02_18-02-21,60,7.745966692,73.5,0.157190067,NA
PMD03_MED02_18-02-21,90,9.486832981,72.5,0.220066094,NA
PMD03_MED02_18-02-21,120,10.95445115,71.5,0.282942121,NA
PMD03_MED02_18-02-21,150,12.24744871,71,0.314380135,NA
PMD03_MED02_18-02-21,180,13.41640786,70.5,0.345818148,NA
PMD03_MED02_18-02-21,210,14.49137675,69.5,0.408694175,NA
PMD03_MED02_18-02-21,240,15.49193338,68.5,0.471570202,NA
PMD03_MED02_18-02-21,270,16.43167673,68,0.503008215,NA
PMD03_MED02_18-02-21,300,17.32050808,67,0.565884242,NA
PMD03_MED02_18-02-21,330,18.16590212,66.5,0.597322256,NA
PMD03_MED02_18-02-21,360,18.97366596,66,0.628760269,NA
PMD03_MED02_18-02-21,390,19.74841766,65.5,0.660198282,NA
PMD03_MED02_18-02-21,420,20.49390153,65,0.691636296,NA
PMD03_MED02_18-02-21,450,21.21320344,64.5,0.723074309,just above
PMD03_MED02_18-02-21,480,21.9089023,64,0.754512323,NA
PMD03_MED02_18-02-21,510,22.58317958,64.5,0.723074309,NA
PMD03_MED02_18-02-21,540,23.23790008,64,0.754512323,NA
PMD03_MED02_18-02-21,570,23.87467277,63.5,0.785950336,NA
PMD03_MED02_18-02-21,600,24.49489743,63,0.81738835,NA
PMD03_MED02_18-02-21,630,25.0998008,63,0.81738835,NA
PMD03_MED02_18-02-21,660,25.69046516,62.5,0.848826363,just below
PMD03_MED02_18-02-21,690,26.26785107,62,0.880264377,NA
PMD03_MED02_18-02-21,720,26.83281573,62,0.880264377,NA
PMD03_MED02_18-02-21,750,27.38612788,61.5,0.91170239,NA
PMD03_MED02_18-02-21,780,27.92848009,61,0.943140404,NA
PMD03_MED02_18-02-21,810,28.46049894,60.5,0.974578417,NA
PMD03_MED02_18-02-21,840,28.98275349,60,1.00601643,NA
PMD03_MED02_18-02-21,870,29.49576241,60,1.00601643,NA
PMD03_MED02_18-02-21,900,30,59.5,1.037454444,NA
PMD03_MED02_18-02-21,930,30.49590136,59,1.068892457,NA
PMD03_MED02_18-02-21,960,30.98386677,58.5,1.100330471,NA
PMD03_MED02_18-02-21,990,31.46426545,58,1.131768484,NA
PMD03_MED02_18-02-21,1020,31.93743885,57.5,1.163206498,NA
PMDHAR01_01_18-03-07,0,0,90,0,NA
PMDHAR01_01_18-03-07,30,5.477225575,87,0.188628081,NA
PMDHAR01_01_18-03-07,60,7.745966692,84,0.377256161,NA
PMDHAR01_01_18-03-07,90,9.486832981,81,0.565884242,NA
PMDHAR01_01_18-03-07,120,10.95445115,78,0.754512323,NA
PMDHAR01_01_18-03-07,150,12.24744871,75,0.943140404,NA
PMDHAR01_01_18-03-07,180,13.41640786,71.5,1.163206498,NA
PMDHAR01_01_18-03-07,210,14.49137675,68.5,1.351834578,NA
PMDHAR01_01_18-03-07,240,15.49193338,65,1.571900673,NA
PMDHAR01_01_18-03-07,270,16.43167673,62,1.760528753,NA
PMDHAR01_01_18-03-07,300,17.32050808,57.5,2.043470874,NA
PMDHAR01_01_18-03-07,330,18.16590212,54,2.263536968,NA
PMDHAR01_01_18-03-07,360,18.97366596,50,2.515041076,NA
PMDHAR01_01_18-03-07,390,19.74841766,46,2.766545184,NA
PMDHAR01_01_18-03-07,420,20.49390153,41.5,3.049487305,NA
PMDHAR01_01_18-03-07,450,21.21320344,38,3.269553399,NA
PMDHAR01_01_18-03-07,480,21.9089023,33,3.583933533,NA
PMDHAR01_01_18-03-07,510,22.58317958,29,3.835437641,NA
PMDHAR01_01_18-03-07,540,23.23790008,24,4.149817775,NA
PMDHAR01_01_18-03-07,570,23.87467277,20,4.401321883,NA
PMDHAR01_01_18-03-07,600,24.49489743,15,4.715702018,NA
PMDHAR01_01_18-03-07,630,25.0998008,10,5.030082152,NA
PMDHAR01_01_18-03-07,660,25.69046516,5,5.344462287,NA
PMDHAR01_01_18-03-07,690,26.26785107,0,5.658842421,NA
PMDHAR01_02_18-03-07,0,0,86,0,NA
PMDHAR01_02_18-03-07,30,5.477225575,82,0.251504108,NA
PMDHAR01_02_18-03-07,60,7.745966692,79,0.440132188,NA
PMDHAR01_02_18-03-07,90,9.486832981,77,0.565884242,NA
PMDHAR01_02_18-03-07,120,10.95445115,75,0.691636296,NA
PMDHAR01_02_18-03-07,150,12.24744871,72.5,0.848826363,NA
PMDHAR01_02_18-03-07,180,13.41640786,70,1.00601643,NA
PMDHAR01_02_18-03-07,210,14.49137675,68,1.131768484,NA
PMDHAR01_02_18-03-07,240,15.49193338,65,1.320396565,NA
PMDHAR01_02_18-03-07,270,16.43167673,62.5,1.477586632,NA
PMDHAR01_02_18-03-07,300,17.32050808,60,1.634776699,NA
PMDHAR01_02_18-03-07,330,18.16590212,57.5,1.791966767,NA
PMDHAR01_02_18-03-07,360,18.97366596,54.5,1.980594847,NA
PMDHAR01_02_18-03-07,390,19.74841766,52.5,2.106346901,NA
PMDHAR01_02_18-03-07,420,20.49390153,50,2.263536968,NA
PMDHAR01_02_18-03-07,450,21.21320344,47.5,2.420727036,NA
PMDHAR01_02_18-03-07,480,21.9089023,44.5,2.609355116,NA
PMDHAR01_02_18-03-07,510,22.58317958,42,2.766545184,NA
PMDHAR01_02_18-03-07,540,23.23790008,39,2.955173264,NA
PMDHAR01_02_18-03-07,570,23.87467277,36,3.143801345,NA
PMDHAR01_02_18-03-07,600,24.49489743,33,3.332429426,NA
PMDHAR01_02_18-03-07,630,25.0998008,30,3.521057506,NA
PMDHAR01_02_18-03-07,660,25.69046516,26.5,3.741123601,NA
PMDHAR01_02_18-03-07,690,26.26785107,25,3.835437641,NA
PMDHAR01_02_18-03-07,720,26.83281573,21,4.086941749,NA
PMDHAR01_02_18-03-07,750,27.38612788,18,4.275569829,NA
PMDHAR01_02_18-03-07,780,27.92848009,15,4.46419791,NA
PMDHAR01_02_18-03-07,810,28.46049894,11.5,4.684264004,NA
PMDHAR01_02_18-03-07,840,28.98275349,8,4.904330098,NA
PMDHAR01_02_18-03-07,870,29.49576241,4,5.155834206,NA
PMDHAR01_02_18-03-07,900,30,0,5.407338313,NA
PMDHAR01_03_18-03-07,0,0,80,0,NA
PMDHAR01_03_18-03-07,30,5.477225575,77,0.188628081,NA
PMDHAR01_03_18-03-07,60,7.745966692,75,0.314380135,NA
PMDHAR01_03_18-03-07,90,9.486832981,71.5,0.534446229,NA
PMDHAR01_03_18-03-07,120,10.95445115,68,0.754512323,NA
PMDHAR01_03_18-03-07,150,12.24744871,64.5,0.974578417,NA
PMDHAR01_03_18-03-07,180,13.41640786,60,1.257520538,NA
PMDHAR01_03_18-03-07,210,14.49137675,56,1.509024646,NA
PMDHAR01_03_18-03-07,240,15.49193338,51.5,1.791966767,NA
PMDHAR01_03_18-03-07,270,16.43167673,47,2.074908888,NA
PMDHAR01_03_18-03-07,300,17.32050808,42,2.389289022,NA
PMDHAR01_03_18-03-07-2,0,0,88,0,NA
PMDHAR01_03_18-03-07-2,30,5.477225575,86,0.125752054,NA
PMDHAR01_03_18-03-07-2,60,7.745966692,84,0.251504108,NA
PMDHAR01_03_18-03-07-2,90,9.486832981,82,0.377256161,NA
PMDHAR01_03_18-03-07-2,120,10.95445115,80.5,0.471570202,NA
PMDHAR01_03_18-03-07-2,150,12.24744871,79,0.565884242,NA
PMDHAR01_03_18-03-07-2,180,13.41640786,77,0.691636296,NA
PMDHAR01_03_18-03-07-2,210,14.49137675,75,0.81738835,NA
PMDHAR01_03_18-03-07-2,240,15.49193338,73,0.943140404,NA
PMDHAR01_03_18-03-07-2,270,16.43167673,71,1.068892457,NA
PMDHAR01_03_18-03-07-2,300,17.32050808,69.5,1.163206498,NA
PMDHAR01_03_18-03-07-2,330,18.16590212,67.5,1.288958551,NA
PMDHAR01_03_18-03-07-2,360,18.97366596,66,1.383272592,NA
PMDHAR01_03_18-03-07-2,390,19.74841766,64,1.509024646,NA
PMDHAR01_03_18-03-07-2,420,20.49390153,62,1.634776699,NA
PMDHAR01_03_18-03-07-2,450,21.21320344,60,1.760528753,NA
PMDHAR01_03_18-03-07-2,480,21.9089023,58.5,1.854842794,NA
PMDHAR01_03_18-03-07-2,510,22.58317958,56.5,1.980594847,NA
PMDHAR01_03_18-03-07-2,540,23.23790008,55,2.074908888,NA
PMDHAR01_03_18-03-07-2,570,23.87467277,54,2.137784915,NA
PMDHAR01_03_18-03-07-2,600,24.49489743,52,2.263536968,NA
PMDHAR01_03_18-03-07-2,630,25.0998008,50,2.389289022,NA
PMDHAR01_03_18-03-07-2,660,25.69046516,48.5,2.483603063,NA
PMDHAR01_03_18-03-07-2,690,26.26785107,46.5,2.609355116,NA
PMDHAR01_03_18-03-07-2,720,26.83281573,44.5,2.73510717,NA
PMDHAR01_03_18-03-07-2,750,27.38612788,42.5,2.860859224,NA
PMDHAR01_03_18-03-07-2,780,27.92848009,41,2.955173264,NA
PMDHAR01_03_18-03-07-2,810,28.46049894,39,3.080925318,NA
PMDHAR01_03_18-03-07-2,840,28.98275349,37,3.206677372,NA
PMDHAR01_03_18-03-07-2,870,29.49576241,35,3.332429426,NA
PMDHAR01_04_18-03-07,0,0,89,0,NA
PMDHAR01_04_18-03-07,30,5.477225575,87,0.125752054,NA
PMDHAR01_04_18-03-07,60,7.745966692,85,0.251504108,NA
PMDHAR01_04_18-03-07,90,9.486832981,84,0.314380135,NA
PMDHAR01_04_18-03-07,120,10.95445115,82,0.440132188,NA
PMDHAR01_04_18-03-07,150,12.24744871,80.5,0.534446229,NA
PMDHAR01_04_18-03-07,180,13.41640786,79,0.628760269,NA
PMDHAR01_04_18-03-07,210,14.49137675,77,0.754512323,NA
PMDHAR01_04_18-03-07,240,15.49193338,75,0.880264377,NA
PMDHAR01_04_18-03-07,270,16.43167673,73,1.00601643,NA
PMDHAR01_04_18-03-07,300,17.32050808,71,1.131768484,NA
PMDHAR01_04_18-03-07,330,18.16590212,69,1.257520538,NA
PMDHAR01_04_18-03-07,360,18.97366596,67,1.383272592,NA
PMDHAR01_04_18-03-07,390,19.74841766,65,1.509024646,NA
PMDHAR01_04_18-03-07,420,20.49390153,63,1.634776699,NA
PMDHAR01_04_18-03-07,450,21.21320344,61,1.760528753,NA
PMDHAR01_04_18-03-07,480,21.9089023,58.5,1.91771882,NA
PMDHAR01_04_18-03-07,510,22.58317958,56.5,2.043470874,NA
PMDHAR01_04_18-03-07,540,23.23790008,54,2.200660942,NA
PMDHAR01_04_18-03-07,570,23.87467277,52,2.326412995,NA
PMDHAR01_04_18-03-07,600,24.49489743,49.5,2.483603063,NA
PMDHAR01_04_18-03-07,630,25.0998008,47.5,2.609355116,NA
PMDHAR01_04_18-03-07,660,25.69046516,45,2.766545184,NA
PMDHAR01_04_18-03-07,690,26.26785107,43,2.892297237,NA
PMDHAR01_04_18-03-07,720,26.83281573,40.5,3.049487305,NA
PMDHAR01_04_18-03-07,750,27.38612788,38,3.206677372,NA
PMDHAR01_04_18-03-07,780,27.92848009,35.5,3.363867439,NA
PMDHAR01_04_18-03-07,810,28.46049894,33,3.521057506,NA
PMDHAR01_04_18-03-07,840,28.98275349,30,3.709685587,NA
PMDHAR01_04_18-03-07,870,29.49576241,28,3.835437641,NA
PMDHAR01_04_18-03-07,900,30,25,4.024065722,NA
PMDHAR01_05_18-03-07,0,0,85,0,NA
PMDHAR01_05_18-03-07,30,5.477225575,83,0.125752054,NA
PMDHAR01_05_18-03-07,60,7.745966692,82.5,0.157190067,NA
PMDHAR01_05_18-03-07,90,9.486832981,81,0.251504108,NA
PMDHAR01_05_18-03-07,120,10.95445115,80,0.314380135,NA
PMDHAR01_05_18-03-07,150,12.24744871,79,0.377256161,NA
PMDHAR01_05_18-03-07,180,13.41640786,78,0.440132188,NA
PMDHAR01_05_18-03-07,210,14.49137675,77,0.503008215,NA
PMDHAR01_05_18-03-07,240,15.49193338,76.5,0.534446229,NA
PMDHAR01_05_18-03-07,270,16.43167673,75.5,0.597322256,NA
PMDHAR01_05_18-03-07,300,17.32050808,74.5,0.660198282,NA
PMDHAR01_05_18-03-07,330,18.16590212,73.5,0.723074309,NA
PMDHAR01_05_18-03-07,360,18.97366596,72,0.81738835,NA
PMDHAR01_05_18-03-07,390,19.74841766,71,0.880264377,NA
PMDHAR01_05_18-03-07,420,20.49390153,70,0.943140404,NA
PMDHAR01_05_18-03-07,450,21.21320344,69,1.00601643,NA
PMDHAR01_05_18-03-07,480,21.9089023,68,1.068892457,NA
PMDHAR01_05_18-03-07,510,22.58317958,67,1.131768484,NA
PMDHAR01_05_18-03-07,540,23.23790008,66,1.194644511,NA
PMDHAR01_05_18-03-07,570,23.87467277,65,1.257520538,NA
PMDHAR01_05_18-03-07,600,24.49489743,64,1.320396565,NA
PMDHAR01_05_18-03-07,630,25.0998008,63,1.383272592,NA
PMDHAR01_05_18-03-07,660,25.69046516,61.5,1.477586632,NA
PMDHAR01_05_18-03-07,690,26.26785107,60.5,1.540462659,NA
PMDHAR01_05_18-03-07,720,26.83281573,59.5,1.603338686,NA
PMDHAR01_05_18-03-07,750,27.38612788,58,1.697652726,NA
PMDHAR01_05_18-03-07,780,27.92848009,57,1.760528753,NA
PMDHAR01_05_18-03-07,810,28.46049894,56,1.82340478,NA
PMDHAR01_05_18-03-07,840,28.98275349,55,1.886280807,NA
PMDHAR01_05_18-03-07,870,29.49576241,54,1.949156834,NA
PMDHAR01_05_18-03-07,900,30,53,2.012032861,NA
PMDMIX01_01_18-03-07,0,0,85,0,NA
PMDMIX01_01_18-03-07,30,5.477225575,84,0.062876027,NA
PMDMIX01_01_18-03-07,60,7.745966692,83.5,0.09431404,NA
PMDMIX01_01_18-03-07,90,9.486832981,83,0.125752054,just above
PMDMIX01_01_18-03-07,120,10.95445115,83,0.125752054,NA
PMDMIX01_01_18-03-07,150,12.24744871,83,0.125752054,just below
PMDMIX01_01_18-03-07,180,13.41640786,83,0.125752054,just below
PMDMIX01_01_18-03-07,210,14.49137675,82.5,0.157190067,NA
PMDMIX01_01_18-03-07,240,15.49193338,82,0.188628081,NA
PMDMIX01_01_18-03-07,270,16.43167673,82,0.188628081,just below
PMDMIX01_01_18-03-07,300,17.32050808,81,0.251504108,NA
PMDMIX01_01_18-03-07,330,18.16590212,80,0.314380135,NA
PMDMIX01_01_18-03-07,360,18.97366596,80,0.314380135,just below
PMDMIX01_01_18-03-07,390,19.74841766,79.5,0.345818148,NA
PMDMIX01_01_18-03-07,420,20.49390153,79,0.377256161,just below
PMDMIX01_01_18-03-07,450,21.21320344,78,0.440132188,NA
PMDMIX01_01_18-03-07,480,21.9089023,78,0.440132188,just below
PMDMIX01_01_18-03-07,510,22.58317958,77,0.503008215,NA
PMDMIX01_01_18-03-07,540,23.23790008,77,0.503008215,just below
PMDMIX01_01_18-03-07,570,23.87467277,76,0.565884242,NA
PMDMIX01_01_18-03-07,600,24.49489743,76,0.565884242,just below
PMDMIX01_01_18-03-07,630,25.0998008,76,0.565884242,just below
PMDMIX01_01_18-03-07,660,25.69046516,75.5,0.597322256,NA
PMDMIX01_01_18-03-07,690,26.26785107,75,0.628760269,NA
PMDMIX01_01_18-03-07,720,26.83281573,74.5,0.660198282,NA
PMDMIX01_01_18-03-07,750,27.38612788,74,0.691636296,NA
PMDMIX01_01_18-03-07,780,27.92848009,74,0.691636296,just below
PMDMIX01_01_18-03-07,810,28.46049894,73,0.754512323,NA
PMDMIX01_01_18-03-07,840,28.98275349,73,0.754512323,NA
PMDMIX01_01_18-03-07,870,29.49576241,73,0.754512323,NA
PMDMIX01_01_18-03-07,900,30,73,0.754512323,NA
PMDMIX01_01_18-03-07,930,30.49590136,73,0.754512323,just below
PMDMIX01_01_18-03-07,960,30.98386677,72,0.81738835,just above
PMDMIX01_01_18-03-07,990,31.46426545,72,0.81738835,NA
PMDMIX01_01_18-03-07,1020,31.93743885,72,0.81738835,NA
PMDMIX01_03_18-03-07,0,0,79,0,NA
PMDMIX01_03_18-03-07,30,5.477225575,77.5,0.09431404,NA
PMDMIX01_03_18-03-07,60,7.745966692,77.5,0.09431404,NA
PMDMIX01_03_18-03-07,90,9.486832981,77.5,0.09431404,NA
PMDMIX01_03_18-03-07,120,10.95445115,77.5,0.09431404,NA
PMDMIX01_03_18-03-07,150,12.24744871,77,0.125752054,NA
PMDMIX01_03_18-03-07,180,13.41640786,77,0.125752054,NA
PMDMIX01_03_18-03-07,210,14.49137675,77,0.125752054,NA
PMDMIX01_03_18-03-07,240,15.49193338,77,0.125752054,NA
PMDMIX01_03_18-03-07,270,16.43167673,77,0.125752054,NA
PMDMIX01_03_18-03-07,300,17.32050808,77,0.125752054,NA
PMDMIX01_03_18-03-07,330,18.16590212,77,0.125752054,NA
PMDMIX01_03_18-03-07,360,18.97366596,77,0.125752054,NA
PMDMIX01_03_18-03-07,390,19.74841766,77,0.125752054,NA
PMDMIX01_03_18-03-07,420,20.49390153,77,0.125752054,NA
PMDMIX01_03_18-03-07,450,21.21320344,77,0.125752054,NA
PMDMIX01_03_18-03-07,480,21.9089023,77,0.125752054,NA
PMDMIX01_03_18-03-07,510,22.58317958,77,0.125752054,NA
PMDMIX01_03_18-03-07,540,23.23790008,77,0.125752054,NA
PMDMIX01_03_18-03-07,570,23.87467277,77,0.125752054,NA
PMDMIX01_03_18-03-07,600,24.49489743,77,0.125752054,NA
PMDMIX01_03_18-03-07,660,25.69046516,77,0.125752054,NA
PMDMIX01_03_18-03-07,720,26.83281573,77,0.125752054,NA
PMDMIX01_03_18-03-07,780,27.92848009,77,0.125752054,just below
PMDMIX01_03_18-03-07,840,28.98275349,77,0.125752054,just below
PMDMIX01_03_18-03-07,900,30,77,0.125752054,just below
PMDMIX01_03_18-03-07,960,30.98386677,77,0.125752054,just below
PMDMIX01_03_18-03-07,1020,31.93743885,77,0.125752054,just below
PMDMIX01_03_18-03-07,1080,32.86335345,77,0.125752054,just below
PMDMIX01_03_18-03-07,1140,33.76388603,76.5,0.157190067,NA
PMDMIX01_03_18-03-07,1200,34.64101615,76.5,0.157190067,NA
PMDMIX01_03_18-03-07,1260,35.4964787,76,0.188628081,NA
PMDMIX01_03_18-03-07,1320,36.33180425,76,0.188628081,NA
PMDMIX01_03_18-03-07,1380,37.14835124,76,0.188628081,NA
PMDMIX01_03_18-03-07,1440,37.94733192,76,0.188628081,NA
PMDMIX01_03_18-03-07,1500,38.72983346,76,0.188628081,just below
PMDMIX01_03_18-03-07,1560,39.49683532,76,0.188628081,just below
PMDMIX01_03_18-03-07,1620,40.24922359,75.5,0.220066094,NA
PMDMIX01_03_18-03-07,1680,40.98780306,75,0.251504108,just above
PMDMIX01_03_18-03-07,1740,41.71330723,75,0.251504108,just above
PMDMIX01_03_18-03-07,1800,42.42640687,75,0.251504108,just above
PMDMIX01_03_18-03-07,1860,43.12771731,75,0.251504108,NA
PMDMIX01_03_18-03-07,1920,43.8178046,75,0.251504108,NA
PMDMIX01_03_18-03-07,1980,44.49719092,75,0.251504108,NA
PMDMIX01_03_18-03-07,2040,45.16635916,75,0.251504108,NA
PMDMIX01_03_18-03-07,2100,45.82575695,75,0.251504108,just below
PMDMIX01_03_18-03-07,2160,46.47580015,75,0.251504108,just below
PMDMIX01_03_18-03-07,2220,47.11687596,75,0.251504108,just below
PMDMIX01_03_18-03-07,2280,47.74934555,75,0.251504108,just below
PMDMIX01_03_18-03-07,2340,48.37354649,74.5,0.282942121,NA
PMDMIX01_04_18-03-07,0,0,79,0,NA
PMDMIX01_04_18-03-07,30,5.477225575,78,0.062876027,NA
PMDMIX01_04_18-03-07,60,7.745966692,75,0.251504108,NA
PMDMIX01_04_18-03-07,90,9.486832981,74,0.314380135,NA
PMDMIX01_04_18-03-07,120,10.95445115,73.5,0.345818148,NA
PMDMIX01_04_18-03-07,150,12.24744871,73,0.377256161,NA
PMDMIX01_04_18-03-07,180,13.41640786,72.5,0.408694175,NA
PMDMIX01_04_18-03-07,210,14.49137675,72,0.440132188,just above
PMDMIX01_04_18-03-07,240,15.49193338,72,0.440132188,NA
PMDMIX01_04_18-03-07,270,16.43167673,72,0.440132188,NA
PMDMIX01_04_18-03-07,300,17.32050808,72,0.440132188,just below
PMDMIX01_04_18-03-07,330,18.16590212,71,0.503008215,NA
PMDMIX01_04_18-03-07,360,18.97366596,71,0.503008215,NA
PMDMIX01_04_18-03-07,390,19.74841766,70,0.565884242,just below
PMDMIX01_04_18-03-07,420,20.49390153,70,0.565884242,NA
PMDMIX01_04_18-03-07,450,21.21320344,69,0.628760269,just above
PMDMIX01_04_18-03-07,480,21.9089023,69,0.628760269,just below
PMDMIX01_04_18-03-07,510,22.58317958,68,0.691636296,just above
PMDMIX01_04_18-03-07,540,23.23790008,68,0.691636296,NA
PMDMIX01_04_18-03-07,570,23.87467277,68,0.691636296,NA
PMDMIX01_04_18-03-07,600,24.49489743,68,0.691636296,NA
PMDMIX01_04_18-03-07,630,25.0998008,68,0.691636296,just below
PMDMIX01_04_18-03-07,660,25.69046516,68,0.691636296,just below
PMDMIX01_04_18-03-07,690,26.26785107,67,0.754512323,NA
PMDMIX01_04_18-03-07,720,26.83281573,66.5,0.785950336,NA
PMDMIX01_04_18-03-07,750,27.38612788,66,0.81738835,NA
PMDMIX01_04_18-03-07,780,27.92848009,66,0.81738835,NA
PMDMIX01_04_18-03-07,810,28.46049894,65.5,0.848826363,NA
PMDMIX01_04_18-03-07,840,28.98275349,65,0.880264377,just below
PMDMIX01_04_18-03-07,870,29.49576241,64,0.943140404,NA
PMDMIX01_04_18-03-07,900,30,63.5,0.974578417,NA
PMDMIX01_05_18-03-07,0,0,85,0,NA
PMDMIX01_05_18-03-07,30,5.477225575,84.5,0.031438013,NA
PMDMIX01_05_18-03-07,60,7.745966692,84.5,0.031438013,NA
PMDMIX01_05_18-03-07,90,9.486832981,84.5,0.031438013,NA
PMDMIX01_05_18-03-07,120,10.95445115,84,0.062876027,NA
PMDMIX01_05_18-03-07,150,12.24744871,84,0.062876027,NA
PMDMIX01_05_18-03-07,180,13.41640786,84,0.062876027,just below
PMDMIX01_05_18-03-07,210,14.49137675,84,0.062876027,just below
PMDMIX01_05_18-03-07,240,15.49193338,84,0.062876027,just below
PMDMIX01_05_18-03-07,270,16.43167673,84,0.062876027,just below
PMDMIX01_05_18-03-07,300,17.32050808,84,0.062876027,just below
PMDMIX01_05_18-03-07,330,18.16590212,84,0.062876027,just below
PMDMIX01_05_18-03-07,360,18.97366596,83.5,0.09431404,NA
PMDMIX01_05_18-03-07,390,19.74841766,83,0.125752054,NA
PMDMIX01_05_18-03-07,420,20.49390153,83,0.125752054,NA
PMDMIX01_05_18-03-07,450,21.21320344,83,0.125752054,NA
PMDMIX01_05_18-03-07,480,21.9089023,83,0.125752054,NA
PMDMIX01_05_18-03-07,510,22.58317958,83,0.125752054,NA
PMDMIX01_05_18-03-07,540,23.23790008,83,0.125752054,NA
PMDMIX01_05_18-03-07,570,23.87467277,83,0.125752054,NA
PMDMIX01_05_18-03-07,600,24.49489743,83,0.125752054,NA
PMDMIX01_05_18-03-07,630,25.0998008,83,0.125752054,NA
PMDMIX01_05_18-03-07,660,25.69046516,83,0.125752054,NA
PMDMIX01_05_18-03-07,690,26.26785107,83,0.125752054,NA
PMDMIX01_05_18-03-07,720,26.83281573,83,0.125752054,NA
PMDMIX01_05_18-03-07,750,27.38612788,83,0.125752054,NA
PMDMIX01_05_18-03-07,780,27.92848009,83,0.125752054,NA
PMDMIX01_05_18-03-07,810,28.46049894,83,0.125752054,NA
PMDMIX01_05_18-03-07,840,28.98275349,83,0.125752054,NA
PMDMIX01_05_18-03-07,870,29.49576241,83,0.125752054,NA
PMDMIX01_05_18-03-07,930,30.49590136,83,0.125752054,NA
PMDMIX01_05_18-03-07,990,31.46426545,83,0.125752054,NA
PMDMIX01_05_18-03-07,1050,32.40370349,83,0.125752054,NA
PMDMIX01_05_18-03-07,1110,33.3166625,83,0.125752054,NA
PMDMIX01_05_18-03-07-2,0,0,82,0,NA
PMDMIX01_05_18-03-07-2,30,5.477225575,82,0,NA
PMDMIX01_05_18-03-07-2,60,7.745966692,82,0,NA
PMDMIX01_05_18-03-07-2,90,9.486832981,82,0,NA
PMDMIX01_05_18-03-07-2,120,10.95445115,82,0,NA
PMDMIX01_05_18-03-07-2,150,12.24744871,82,0,NA
PMDMIX01_05_18-03-07-2,180,13.41640786,82,0,NA
PMDMIX01_05_18-03-07-2,210,14.49137675,82,0,NA
PMDMIX01_05_18-03-07-2,240,15.49193338,82,0,just below
PMDMIX01_05_18-03-07-2,270,16.43167673,82,0,just below
PMDMIX01_05_18-03-07-2,300,17.32050808,82,0,just below
PMDMIX01_05_18-03-07-2,330,18.16590212,82,0,just below
PMDMIX01_05_18-03-07-2,360,18.97366596,82,0,just below
PMDMIX01_05_18-03-07-2,390,19.74841766,81.5,0.031438013,NA
PMDMIX01_05_18-03-07-2,420,20.49390153,81.5,0.031438013,NA
PMDMIX01_05_18-03-07-2,450,21.21320344,81.5,0.031438013,NA
PMDMIX01_05_18-03-07-2,480,21.9089023,81.5,0.031438013,NA
PMDMIX01_05_18-03-07-2,510,22.58317958,81,0.062876027,NA
PMDMIX01_05_18-03-07-2,540,23.23790008,81,0.062876027,NA
PMDMIX01_05_18-03-07-2,570,23.87467277,81,0.062876027,NA
PMDMIX01_05_18-03-07-2,600,24.49489743,81,0.062876027,NA
PMDMIX01_05_18-03-07-2,630,25.0998008,81,0.062876027,NA
PMDMIX01_05_18-03-07-2,660,25.69046516,81,0.062876027,NA
PMDMIX01_05_18-03-07-2,690,26.26785107,81,0.062876027,NA
PMDMIX01_05_18-03-07-2,720,26.83281573,81,0.062876027,NA
PMDMIX01_05_18-03-07-2,750,27.38612788,81,0.062876027,NA
PMDMIX01_05_18-03-07-2,780,27.92848009,81,0.062876027,NA
PMDMIX01_05_18-03-07-2,810,28.46049894,81,0.062876027,NA
PMDMIX01_05_18-03-07-2,840,28.98275349,81,0.062876027,NA
PMDMIX01_05_18-03-07-2,870,29.49576241,81,0.062876027,NA
PMDMIX01_05_18-03-07-2,900,30,81,0.062876027,NA
PMDMIX01_05_18-03-07-2,930,30.49590136,81,0.062876027,just below
PMDMIX01_05_18-03-07-2,960,30.98386677,81,0.062876027,just below
PMDMIX01_05_18-03-07-2,990,31.46426545,81,0.062876027,just below
PMDMIX01_05_18-03-07-2,1020,31.93743885,81,0.062876027,just below
PMDMIX01_05_18-03-07-2,1050,32.40370349,81,0.062876027,just below
PMDMIX01_05_18-03-07-2,1080,32.86335345,81,0.062876027,just below
PMDMIX01_05_18-03-07-2,1110,33.3166625,81,0.062876027,just below
PMDMIX01_05_18-03-07-2,1170,34.20526275,81,0.062876027,just below
PMDMIX01_05_18-03-07-2,1230,35.07135583,80.5,0.09431404,NA
PMDMIX01_05_18-03-07-2,1290,35.91656999,80.5,0.09431404,NA
PMDMIX01_05_18-03-07-2,1350,36.74234614,80.5,0.09431404,NA
PMDMIX01_05_18-03-07-2,1410,37.54996671,80,0.125752054,just above
PMDMIX01_05_18-03-07-2,1470,38.34057903,80,0.125752054,just above
PMDMIX01_05_18-03-07-2,1530,39.11521443,80,0.125752054,NA
PMDMIX01_05_18-03-07-2,1590,39.87480407,80,0.125752054,NA
PMDMIX01_05_18-03-07-2,1650,40.62019202,80,0.125752054,NA
PMDMIX01_05_18-03-07-2,1710,41.35214626,80,0.125752054,NA
PMDNAT01_01_18-03-06,0,0,62,0,NA
PMDNAT01_01_18-03-06,30,5.477225575,57,0.314380135,NA
PMDNAT01_01_18-03-06,60,7.745966692,53.5,0.534446229,NA
PMDNAT01_01_18-03-06,90,9.486832981,49.5,0.785950336,NA
PMDNAT01_01_18-03-06,120,10.95445115,47,0.943140404,NA
PMDNAT01_01_18-03-06,150,12.24744871,44,1.131768484,NA
PMDNAT01_01_18-03-06,180,13.41640786,40.5,1.351834578,NA
PMDNAT01_01_18-03-06,210,14.49137675,38,1.509024646,NA
PMDNAT01_01_18-03-06,240,15.49193338,34.5,1.72909074,NA
PMDNAT01_01_18-03-06,270,16.43167673,31,1.949156834,NA
PMDNAT01_01_18-03-06,300,17.32050808,28,2.137784915,NA
PMDNAT01_01_18-03-06,330,18.16590212,24.5,2.357851009,NA
PMDNAT01_01_18-03-06,360,18.97366596,21,2.577917103,NA
PMDNAT01_01_18-03-06,390,19.74841766,17,2.829421211,NA
PMDNAT01_01_18-03-06,420,20.49390153,13.5,3.049487305,NA
PMDNAT01_01_18-03-06,450,21.21320344,9.5,3.300991412,NA
PMDNAT01_01_18-03-06,480,21.9089023,6,3.521057506,NA
PMDNAT01_01_18-03-06,510,22.58317958,2.5,3.741123601,NA
PMDNAT01_02_18-03-06,0,0,85,0,NA
PMDNAT01_02_18-03-06,30,5.477225575,81,0.251504108,NA
PMDNAT01_02_18-03-06,60,7.745966692,78,0.440132188,NA
PMDNAT01_02_18-03-06,90,9.486832981,76,0.565884242,NA
PMDNAT01_02_18-03-06,120,10.95445115,73.5,0.723074309,NA
PMDNAT01_02_18-03-06,150,12.24744871,71.5,0.848826363,NA
PMDNAT01_02_18-03-06,180,13.41640786,68,1.068892457,NA
PMDNAT01_02_18-03-06,210,14.49137675,66,1.194644511,NA
PMDNAT01_02_18-03-06,240,15.49193338,63.5,1.351834578,NA
PMDNAT01_02_18-03-06,270,16.43167673,61,1.509024646,NA
PMDNAT01_02_18-03-06,300,17.32050808,58,1.697652726,NA
PMDNAT01_02_18-03-06,330,18.16590212,55.5,1.854842794,NA
PMDNAT01_02_18-03-06,360,18.97366596,52.5,2.043470874,NA
PMDNAT01_02_18-03-06,390,19.74841766,50,2.200660942,NA
PMDNAT01_02_18-03-06,420,20.49390153,47,2.389289022,NA
PMDNAT01_02_18-03-06,450,21.21320344,44,2.577917103,NA
PMDNAT01_02_18-03-06,480,21.9089023,41.5,2.73510717,NA
PMDNAT01_02_18-03-06,510,22.58317958,38,2.955173264,NA
PMDNAT01_02_18-03-06,540,23.23790008,35,3.143801345,NA
PMDNAT01_02_18-03-06,570,23.87467277,32.5,3.300991412,NA
PMDNAT01_02_18-03-06,600,24.49489743,29,3.521057506,NA
PMDNAT01_02_18-03-06,630,25.0998008,23,3.898313668,NA
PMDNAT01_02_18-03-06,660,25.69046516,19.5,4.118379762,NA
PMDNAT01_02_18-03-06,690,26.26785107,16,4.338445856,NA
PMDNAT01_02_18-03-06,720,26.83281573,12.5,4.55851195,NA
PMDNAT01_02_18-03-06,750,27.38612788,9,4.778578044,NA
PMDNAT01_02_18-03-06,780,27.92848009,6,4.967206125,NA
PMDNAT01_02_18-03-06,810,28.46049894,2.5,5.187272219,NA
PMDNAT01_03_18-03-06,0,0,87,0,NA
PMDNAT01_03_18-03-06,30,5.477225575,NA,NA,NA
PMDNAT01_03_18-03-06,60,7.745966692,85.5,0.09431404,NA
PMDNAT01_03_18-03-06,90,9.486832981,84.5,0.157190067,NA
PMDNAT01_03_18-03-06,120,10.95445115,84,0.188628081,NA
PMDNAT01_03_18-03-06,150,12.24744871,83.5,0.220066094,NA
PMDNAT01_03_18-03-06,180,13.41640786,83,0.251504108,NA
PMDNAT01_03_18-03-06,210,14.49137675,83,0.251504108,NA
PMDNAT01_03_18-03-06,240,15.49193338,82.5,0.282942121,NA
PMDNAT01_03_18-03-06,270,16.43167673,82.5,0.282942121,NA
PMDNAT01_03_18-03-06,300,17.32050808,82,0.314380135,NA
PMDNAT01_03_18-03-06,330,18.16590212,82,0.314380135,NA
PMDNAT01_03_18-03-06,360,18.97366596,81.5,0.345818148,NA
PMDNAT01_03_18-03-06,390,19.74841766,81.5,0.345818148,NA
PMDNAT01_03_18-03-06,420,20.49390153,81,0.377256161,NA
PMDNAT01_03_18-03-06,450,21.21320344,81,0.377256161,NA
PMDNAT01_03_18-03-06,480,21.9089023,81,0.377256161,NA
PMDNAT01_03_18-03-06,510,22.58317958,81,0.377256161,NA
PMDNAT01_03_18-03-06,540,23.23790008,80.5,0.408694175,NA
PMDNAT01_03_18-03-06,570,23.87467277,80.5,0.408694175,NA
PMDNAT01_03_18-03-06,600,24.49489743,80.5,0.408694175,NA
PMDNAT01_03_18-03-06,630,25.0998008,80,0.440132188,NA
PMDNAT01_03_18-03-06,660,25.69046516,80,0.440132188,NA
PMDNAT01_03_18-03-06,690,26.26785107,80,0.440132188,NA
PMDNAT01_03_18-03-06,720,26.83281573,80,0.440132188,NA
PMDNAT01_03_18-03-06,750,27.38612788,80,0.440132188,NA
PMDNAT01_03_18-03-06,780,27.92848009,80,0.440132188,NA
PMDNAT01_03_18-03-06,810,28.46049894,79.5,0.471570202,NA
PMDNAT01_03_18-03-06,840,28.98275349,79.5,0.471570202,NA
PMDNAT01_03_18-03-06,870,29.49576241,79.5,0.471570202,NA
PMDNAT01_03_18-03-06,900,30,79,0.503008215,NA
PMDNAT01_03_18-03-06,930,30.49590136,79,0.503008215,NA
PMDNAT01_04_18-03-06,0,0,87.5,0,NA
PMDNAT01_04_18-03-06,30,5.477225575,78,0.597322256,NA
PMDNAT01_04_18-03-06,60,7.745966692,72,0.974578417,NA
PMDNAT01_04_18-03-06,90,9.486832981,66,1.351834578,NA
PMDNAT01_04_18-03-06,120,10.95445115,60,1.72909074,NA
PMDNAT01_04_18-03-06,150,12.24744871,55,2.043470874,NA
PMDNAT01_04_18-03-06,180,13.41640786,50,2.357851009,NA
PMDNAT01_04_18-03-06,210,14.49137675,44.5,2.703669157,NA
PMDNAT01_04_18-03-06,240,15.49193338,39,3.049487305,NA
PMDNAT01_04_18-03-06,270,16.43167673,34,3.363867439,NA
PMDNAT01_04_18-03-06,300,17.32050808,29,3.678247574,NA
PMDNAT01_04_18-03-06,330,18.16590212,23.5,4.024065722,NA
PMDNAT01_04_18-03-06,360,18.97366596,19,4.307007843,NA
PMDNAT01_04_18-03-06,390,19.74841766,13,4.684264004,NA
PMDNAT01_04_18-03-06,420,20.49390153,9,4.935768112,NA
PMDNAT01_04_18-03-06,450,21.21320344,2,5.3759003,NA
PMDNAT01_04_18-03-06-2,0,0,85.5,0,NA
PMDNAT01_04_18-03-06-2,30,5.477225575,80,0.345818148,NA
PMDNAT01_04_18-03-06-2,60,7.745966692,76,0.597322256,NA
PMDNAT01_04_18-03-06-2,90,9.486832981,72,0.848826363,NA
PMDNAT01_04_18-03-06-2,120,10.95445115,68,1.100330471,NA
PMDNAT01_04_18-03-06-2,150,12.24744871,64.5,1.320396565,NA
PMDNAT01_04_18-03-06-2,180,13.41640786,61,1.540462659,NA
PMDNAT01_04_18-03-06-2,210,14.49137675,57,1.791966767,NA
PMDNAT01_04_18-03-06-2,240,15.49193338,53.5,2.012032861,NA
PMDNAT01_04_18-03-06-2,270,16.43167673,50,2.232098955,NA
PMDNAT01_04_18-03-06-2,300,17.32050808,46,2.483603063,NA
PMDNAT01_04_18-03-06-2,330,18.16590212,42.5,2.703669157,NA
PMDNAT01_04_18-03-06-2,360,18.97366596,39,2.923735251,NA
PMDNAT01_04_18-03-06-2,390,19.74841766,35.5,3.143801345,NA
PMDNAT01_04_18-03-06-2,420,20.49390153,32,3.363867439,NA
PMDNAT01_04_18-03-06-2,450,21.21320344,27,3.678247574,NA
PMDNAT01_04_18-03-06-2,480,21.9089023,24.5,3.835437641,NA
PMDNAT01_04_18-03-06-2,510,22.58317958,21,4.055503735,NA
PMDNAT01_04_18-03-06-2,540,23.23790008,17.5,4.275569829,NA
PMDNAT01_04_18-03-06-2,570,23.87467277,14,4.495635923,NA
PMDNAT01_04_18-03-06-2,600,24.49489743,11,4.684264004,NA
PMDNAT01_04_18-03-06-2,630,25.0998008,7,4.935768112,NA
PMDNAT01_04_18-03-06-2,660,25.69046516,3.5,5.155834206,NA
PMDNAT01_04_18-03-06-2,690,26.26785107,0,5.3759003,NA
PMDNAT01_05_18-03-06,0,0,86,0,NA
PMDNAT01_05_18-03-06,30,5.477225575,83.5,0.157190067,NA
PMDNAT01_05_18-03-06,60,7.745966692,82.5,0.220066094,NA
PMDNAT01_05_18-03-06,90,9.486832981,81.5,0.282942121,NA
PMDNAT01_05_18-03-06,120,10.95445115,81,0.314380135,NA
PMDNAT01_05_18-03-06,150,12.24744871,80,0.377256161,NA
PMDNAT01_05_18-03-06,180,13.41640786,79,0.440132188,NA
PMDNAT01_05_18-03-06,210,14.49137675,78,0.503008215,NA
PMDNAT01_05_18-03-06,240,15.49193338,77,0.565884242,NA
PMDNAT01_05_18-03-06,270,16.43167673,76,0.628760269,NA
PMDNAT01_05_18-03-06,300,17.32050808,75.5,0.660198282,NA
PMDNAT01_05_18-03-06,330,18.16590212,74.5,0.723074309,NA
PMDNAT01_05_18-03-06,360,18.97366596,74,0.754512323,NA
PMDNAT01_05_18-03-06,390,19.74841766,73,0.81738835,NA
PMDNAT01_05_18-03-06,420,20.49390153,72,0.880264377,NA
PMDNAT01_05_18-03-06,450,21.21320344,71,0.943140404,NA
PMDNAT01_05_18-03-06,480,21.9089023,70.5,0.974578417,NA
PMDNAT01_05_18-03-06,510,22.58317958,69.5,1.037454444,NA
PMDNAT01_05_18-03-06,540,23.23790008,69,1.068892457,NA
PMDNAT01_05_18-03-06,570,23.87467277,68,1.131768484,NA
PMDNAT01_05_18-03-06,600,24.49489743,67,1.194644511,NA
PMDNAT01_05_18-03-06,630,25.0998008,66,1.257520538,NA
PMDNAT01_05_18-03-06,660,25.69046516,65.5,1.288958551,NA
PMDNAT01_05_18-03-06,690,26.26785107,64.5,1.351834578,NA
PMDNAT01_05_18-03-06,720,26.83281573,63.5,1.414710605,NA
PMDNAT01_05_18-03-06,750,27.38612788,62.5,1.477586632,NA
PMDNAT01_05_18-03-06,780,27.92848009,61.5,1.540462659,NA
PMDNAT01_05_18-03-06,810,28.46049894,60.5,1.603338686,NA
PMDNAT01_05_18-03-06,840,28.98275349,59.5,1.666214713,NA
PMDNAT01_05_18-03-06,870,29.49576241,58.5,1.72909074,NA
PMDMED01_01_18-03-14,0,0,90,0,NA
PMDMED01_01_18-03-14,30,5.477225575,89,0.062876027,NA
PMDMED01_01_18-03-14,60,7.745966692,88,0.125752054,NA
PMDMED01_01_18-03-14,90,9.486832981,86,0.251504108,NA
PMDMED01_01_18-03-14,120,10.95445115,85.5,0.282942121,NA
PMDMED01_01_18-03-14,150,12.24744871,84.5,0.345818148,NA
PMDMED01_01_18-03-14,180,13.41640786,83,0.440132188,NA
PMDMED01_01_18-03-14,210,14.49137675,82,0.503008215,NA
PMDMED01_01_18-03-14,240,15.49193338,80.5,0.597322256,NA
PMDMED01_01_18-03-14,270,16.43167673,79,0.691636296,NA
PMDMED01_01_18-03-14,300,17.32050808,77.5,0.785950336,NA
PMDMED01_01_18-03-14,330,18.16590212,76,0.880264377,NA
PMDMED01_01_18-03-14,360,18.97366596,74.5,0.974578417,NA
PMDMED01_01_18-03-14,390,19.74841766,73,1.068892457,NA
PMDMED01_01_18-03-14,420,20.49390153,71.5,1.163206498,NA
PMDMED01_01_18-03-14,450,21.21320344,70,1.257520538,NA
PMDMED01_01_18-03-14,480,21.9089023,69,1.320396565,NA
PMDMED01_01_18-03-14,510,22.58317958,67.5,1.414710605,NA
PMDMED01_01_18-03-14,540,23.23790008,66,1.509024646,NA
PMDMED01_01_18-03-14,570,23.87467277,65,1.571900673,NA
PMDMED01_01_18-03-14,600,24.49489743,63.5,1.666214713,NA
PMDMED01_01_18-03-14,630,25.0998008,62,1.760528753,NA
PMDMED01_01_18-03-14,660,25.69046516,61,1.82340478,NA
PMDMED01_01_18-03-14,690,26.26785107,59.5,1.91771882,NA
PMDMED01_01_18-03-14,720,26.83281573,58.5,1.980594847,NA
PMDMED01_01_18-03-14,750,27.38612788,57,2.074908888,NA
PMDMED01_01_18-03-14,780,27.92848009,56,2.137784915,NA
PMDMED01_01_18-03-14,810,28.46049894,55,2.200660942,NA
PMDMED01_01_18-03-14,840,28.98275349,53.5,2.294974982,NA
PMDMED01_01_18-03-14,870,29.49576241,52,2.389289022,NA
PMDMED01_01_18-03-14,900,30,51,2.452165049,NA
PMDMED01_01_18-03-14,930,30.49590136,50,2.515041076,NA
PMDMED01_01_18-03-14,960,30.98386677,49,2.577917103,NA
PMDMED01_01_18-03-14,990,31.46426545,48,2.64079313,NA
PMDMED01_01_18-03-14,1020,31.93743885,47,2.703669157,NA
PMDMED01_02_18-03-14,0,0,90,0,NA
PMDMED01_02_18-03-14,30,5.477225575,90,0,NA
PMDMED01_02_18-03-14,60,7.745966692,89.5,0.031438013,NA
PMDMED01_02_18-03-14,90,9.486832981,89.5,0.031438013,NA
PMDMED01_02_18-03-14,120,10.95445115,89,0.062876027,NA
PMDMED01_02_18-03-14,150,12.24744871,89,0.062876027,NA
PMDMED01_02_18-03-14,180,13.41640786,89,0.062876027,NA
PMDMED01_02_18-03-14,210,14.49137675,88.5,0.09431404,NA
PMDMED01_02_18-03-14,240,15.49193338,88.5,0.09431404,NA
PMDMED01_02_18-03-14,270,16.43167673,88,0.125752054,NA
PMDMED01_02_18-03-14,300,17.32050808,88,0.125752054,NA
PMDMED01_02_18-03-14,330,18.16590212,87.5,0.157190067,NA
PMDMED01_02_18-03-14,360,18.97366596,87,0.188628081,NA
PMDMED01_02_18-03-14,390,19.74841766,87,0.188628081,NA
PMDMED01_02_18-03-14,420,20.49390153,87,0.188628081,NA
PMDMED01_02_18-03-14,450,21.21320344,87,0.188628081,NA
PMDMED01_02_18-03-14,480,21.9089023,87,0.188628081,NA
PMDMED01_02_18-03-14,510,22.58317958,86.5,0.220066094,NA
PMDMED01_02_18-03-14,540,23.23790008,86.5,0.220066094,NA
PMDMED01_02_18-03-14,570,23.87467277,86,0.251504108,NA
PMDMED01_02_18-03-14,600,24.49489743,86,0.251504108,NA
PMDMED01_02_18-03-14,630,25.0998008,86,0.251504108,NA
PMDMED01_02_18-03-14,660,25.69046516,86,0.251504108,NA
PMDMED01_02_18-03-14,690,26.26785107,86,0.251504108,NA
PMDMED01_02_18-03-14,720,26.83281573,85.5,0.282942121,NA
PMDMED01_02_18-03-14,750,27.38612788,85.5,0.282942121,NA
PMDMED01_02_18-03-14,780,27.92848009,85.5,0.282942121,NA
PMDMED01_02_18-03-14,810,28.46049894,85.5,0.282942121,NA
PMDMED01_02_18-03-14,840,28.98275349,85,0.314380135,NA
PMDMED01_02_18-03-14,870,29.49576241,85,0.314380135,NA
PMDMED01_02_18-03-14,900,30,85,0.314380135,NA
PMDMED01_02_18-03-14,930,30.49590136,84.5,0.345818148,NA
PMDMED01_02_18-03-14,960,30.98386677,84.5,0.345818148,NA
PMDMED01_02_18-03-14,990,31.46426545,84.5,0.345818148,NA
PMDMED01_02_18-03-14,1020,31.93743885,84,0.377256161,NA
PMDMED01_02_18-03-14,1050,32.40370349,84,0.377256161,NA
PMDMED01_02_18-03-14,1080,32.86335345,84,0.377256161,NA
PMDMED01_02_18-03-14,1110,33.3166625,84,0.377256161,NA
PMDMED01_02_18-03-14,1140,33.76388603,83.5,0.408694175,NA
PMDMED01_02_18-03-14,1170,34.20526275,83.5,0.408694175,NA
PMDMED01_02_18-03-14,1200,34.64101615,83,0.440132188,NA
PMDMED01_02_18-03-14,1230,35.07135583,83,0.440132188,NA
PMDMED01_02_18-03-14,1260,35.4964787,83,0.440132188,NA
PMDMED01_02_18-03-14,1290,35.91656999,82.5,0.471570202,NA
PMDMED01_02_18-03-14,1320,36.33180425,82.5,0.471570202,NA
PMDMED01_02_18-03-14,1350,36.74234614,82.5,0.471570202,NA
PMDMED01_02_18-03-14,1380,37.14835124,82,0.503008215,NA
PMDMED01_02_18-03-14,1410,37.54996671,82,0.503008215,NA
PMDMED01_02_18-03-14,1440,37.94733192,82,0.503008215,NA
PMDMED01_02_18-03-14,1470,38.34057903,81.5,0.534446229,NA
PMDMED01_02_18-03-14,1500,38.72983346,81.5,0.534446229,NA
PMDMED01_02_18-03-14,1530,39.11521443,81,0.565884242,NA
PMDMED01_02_18-03-14,1560,39.49683532,81,0.565884242,NA
PMDMED01_02_18-03-14,1590,39.87480407,81,0.565884242,NA
PMDMED01_02_18-03-14,1620,40.24922359,81,0.565884242,NA
PMDMED01_02_18-03-14,1650,40.62019202,80.5,0.597322256,NA
PMDMED01_02_18-03-14,1680,40.98780306,80.5,0.597322256,NA
PMDMED01_02_18-03-14,1710,41.35214626,80.5,0.597322256,NA
PMDMED01_02_18-03-14,1740,41.71330723,80.5,0.597322256,NA
PMDMED01_02_18-03-14,1770,42.07136794,80,0.628760269,NA
PMDMED01_03_18-03-14,0,0,73,0,NA
PMDMED01_03_18-03-14,30,5.477225575,72,0.062876027,NA
PMDMED01_03_18-03-14,60,7.745966692,71,0.125752054,NA
PMDMED01_03_18-03-14,90,9.486832981,70,0.188628081,NA
PMDMED01_03_18-03-14,120,10.95445115,69,0.251504108,NA
PMDMED01_03_18-03-14,150,12.24744871,68,0.314380135,NA
PMDMED01_03_18-03-14,180,13.41640786,67,0.377256161,NA
PMDMED01_03_18-03-14,210,14.49137675,66,0.440132188,NA
PMDMED01_03_18-03-14,240,15.49193338,65,0.503008215,NA
PMDMED01_03_18-03-14,270,16.43167673,64,0.565884242,NA
PMDMED01_03_18-03-14,300,17.32050808,63,0.628760269,NA
PMDMED01_03_18-03-14,330,18.16590212,62.5,0.660198282,NA
PMDMED01_03_18-03-14,360,18.97366596,61,0.754512323,NA
PMDMED01_03_18-03-14,390,19.74841766,60,0.81738835,NA
PMDMED01_03_18-03-14,420,20.49390153,59.5,0.848826363,NA
PMDMED01_03_18-03-14,450,21.21320344,59,0.880264377,NA
PMDMED01_03_18-03-14,480,21.9089023,57.5,0.974578417,NA
PMDMED01_03_18-03-14,510,22.58317958,57,1.00601643,NA
PMDMED01_03_18-03-14,540,23.23790008,56,1.068892457,NA
PMDMED01_03_18-03-14,570,23.87467277,55,1.131768484,NA
PMDMED01_03_18-03-14,600,24.49489743,54,1.194644511,NA
PMDMED01_03_18-03-14,630,25.0998008,53,1.257520538,NA
PMDMED01_03_18-03-14,660,25.69046516,52,1.320396565,NA
PMDMED01_03_18-03-14,690,26.26785107,51,1.383272592,NA
PMDMED01_03_18-03-14,720,26.83281573,50,1.446148619,NA
PMDMED01_03_18-03-14,750,27.38612788,49,1.509024646,NA
PMDMED01_03_18-03-14,780,27.92848009,47,1.634776699,NA
PMDMED01_03_18-03-14,810,28.46049894,48,1.571900673,NA
PMDMED01_03_18-03-14,840,28.98275349,46,1.697652726,NA
PMDMED01_03_18-03-14,870,29.49576241,45,1.760528753,NA
PMDMED01_03_18-03-14,900,30,44,1.82340478,NA
PMDMED01_03_18-03-14,930,30.49590136,43,1.886280807,NA
PMDMED01_03_18-03-14,960,30.98386677,42,1.949156834,NA
PMDMED01_03_18-03-14,990,31.46426545,40.5,2.043470874,NA
PMDMED01_04_18-03-14,0,0,89,0,NA
PMDMED01_04_18-03-14,30,5.477225575,84.5,0.282942121,NA
PMDMED01_04_18-03-14,60,7.745966692,81.5,0.471570202,NA
PMDMED01_04_18-03-14,90,9.486832981,78.5,0.660198282,NA
PMDMED01_04_18-03-14,120,10.95445115,75.5,0.848826363,NA
PMDMED01_04_18-03-14,150,12.24744871,72,1.068892457,NA
PMDMED01_04_18-03-14,180,13.41640786,NA,NA,missed observation
PMDMED01_04_18-03-14,210,14.49137675,68,1.320396565,NA
PMDMED01_04_18-03-14,240,15.49193338,64.5,1.540462659,NA
PMDMED01_04_18-03-14,270,16.43167673,61.5,1.72909074,NA
PMDMED01_04_18-03-14,300,17.32050808,59,1.886280807,NA
PMDMED01_04_18-03-14,330,18.16590212,56.5,2.043470874,NA
PMDMED01_04_18-03-14,360,18.97366596,53,2.263536968,NA
PMDMED01_04_18-03-14,390,19.74841766,51,2.389289022,NA
PMDMED01_04_18-03-14,420,20.49390153,48.5,2.546479089,NA
PMDMED01_04_18-03-14,450,21.21320344,46,2.703669157,NA
PMDMED01_04_18-03-14,480,21.9089023,43,2.892297237,NA
PMDMED01_04_18-03-14,510,22.58317958,40.5,3.049487305,NA
PMDMED01_04_18-03-14,540,23.23790008,38,3.206677372,NA
PMDMED01_04_18-03-14,570,23.87467277,35,3.395305453,NA
PMDMED01_04_18-03-14,600,24.49489743,33,3.521057506,NA
PMDMED01_04_18-03-14,630,25.0998008,30,3.709685587,NA
PMDMED01_04_18-03-14,660,25.69046516,27,3.898313668,NA
PMDMED01_04_18-03-14,690,26.26785107,24.5,4.055503735,NA
PMDMED01_04_18-03-14,720,26.83281573,21,4.275569829,NA
PMDMED01_04_18-03-14,750,27.38612788,18.5,4.432759896,NA
PMDMED01_04_18-03-14,780,27.92848009,15.5,4.621387977,NA
PMDMED01_04_18-03-14,810,28.46049894,13,4.778578044,NA
PMDMED01_04_18-03-14,840,28.98275349,10,4.967206125,NA
PMDMED01_04_18-03-14,870,29.49576241,6.5,5.187272219,NA
PMDMED01_04_18-03-14,900,30,3.5,5.3759003,NA
PMDMED01_04_18-03-14,930,30.49590136,0.5,5.564528381,NA
PMDMED02_01_18-03-23,0,0,81,0,NA
PMDMED02_01_18-03-23,30,5.477225575,79.5,0.09431404,NA
PMDMED02_01_18-03-23,60,7.745966692,78,0.188628081,NA
PMDMED02_01_18-03-23,90,9.486832981,77.5,0.220066094,NA
PMDMED02_01_18-03-23,120,10.95445115,75,0.377256161,NA
PMDMED02_01_18-03-23,150,12.24744871,74,0.440132188,NA
PMDMED02_01_18-03-23,180,13.41640786,72,0.565884242,NA
PMDMED02_01_18-03-23,210,14.49137675,71,0.628760269,NA
PMDMED02_01_18-03-23,240,15.49193338,70,0.691636296,NA
PMDMED02_01_18-03-23,270,16.43167673,68,0.81738835,NA
PMDMED02_01_18-03-23,300,17.32050808,67,0.880264377,NA
PMDMED02_01_18-03-23,330,18.16590212,65,1.00601643,NA
PMDMED02_01_18-03-23,360,18.97366596,63.5,1.100330471,NA
PMDMED02_01_18-03-23,390,19.74841766,62,1.194644511,NA
PMDMED02_01_18-03-23,420,20.49390153,60.5,1.288958551,NA
PMDMED02_01_18-03-23,450,21.21320344,59,1.383272592,NA
PMDMED02_01_18-03-23,480,21.9089023,57.5,1.477586632,NA
PMDMED02_01_18-03-23,510,22.58317958,56,1.571900673,NA
PMDMED02_01_18-03-23,540,23.23790008,54,1.697652726,NA
PMDMED02_01_18-03-23,570,23.87467277,52.5,1.791966767,NA
PMDMED02_01_18-03-23,600,24.49489743,51,1.886280807,NA
PMDMED02_01_18-03-23,630,25.0998008,49.5,1.980594847,NA
PMDMED02_01_18-03-23,660,25.69046516,48,2.074908888,NA
PMDMED02_01_18-03-23,690,26.26785107,46,2.200660942,NA
PMDMED02_01_18-03-23,720,26.83281573,45,2.263536968,NA
PMDMED02_01_18-03-23,750,27.38612788,43,2.389289022,NA
PMDMED02_01_18-03-23,780,27.92848009,41.5,2.483603063,NA
PMDMED02_01_18-03-23,810,28.46049894,39.5,2.609355116,NA
PMDMED02_01_18-03-23,840,28.98275349,38,2.703669157,NA
PMDMED02_01_18-03-23,870,29.49576241,36.5,2.797983197,NA
PMDMED02_01_18-03-23,900,30,35,2.892297237,NA
PMDMED02_01_18-03-23,930,30.49590136,33,3.018049291,NA
PMDMED02_01_18-03-23,960,30.98386677,31.5,3.112363332,NA
PMDMED02_01_18-03-23,990,31.46426545,30,3.206677372,NA
PMDMED02_01_18-03-23,1020,31.93743885,28.5,3.300991412,NA
PMDMED02_01_18-03-23,1050,32.40370349,26.5,3.426743466,NA
PMDMED02_01_18-03-23,1080,32.86335345,24.5,3.55249552,NA
PMDMED02_01_18-03-23,1110,33.3166625,23,3.64680956,NA
PMDMED02_01_18-03-23,1140,33.76388603,21.5,3.741123601,NA
PMDMED02_01_18-03-23,1170,34.20526275,20,3.835437641,NA
PMDMED02_01_18-03-23,1200,34.64101615,18,3.961189695,NA
PMDMED02_01_18-03-23,1230,35.07135583,16,4.086941749,NA
PMDMED02_01_18-03-23,1260,35.4964787,14,4.212693802,NA
PMDMED02_01_18-03-23,1290,35.91656999,12.5,4.307007843,NA
PMDMED02_01_18-03-23,1320,36.33180425,10.5,4.432759896,NA
PMDMED01_05_18-03-14,0,0,82,0,NA
PMDMED01_05_18-03-14,30,5.477225575,81,0.062876027,NA
PMDMED01_05_18-03-14,60,7.745966692,79,0.188628081,NA
PMDMED01_05_18-03-14,90,9.486832981,76.5,0.345818148,NA
PMDMED01_05_18-03-14,120,10.95445115,74,0.503008215,NA
PMDMED01_05_18-03-14,150,12.24744871,72,0.628760269,NA
PMDMED01_05_18-03-14,180,13.41640786,70,0.754512323,NA
PMDMED01_05_18-03-14,210,14.49137675,67,0.943140404,NA
PMDMED01_05_18-03-14,240,15.49193338,65,1.068892457,NA
PMDMED01_05_18-03-14,270,16.43167673,62,1.257520538,NA
PMDMED01_05_18-03-14,300,17.32050808,60.5,1.351834578,NA
PMDMED01_05_18-03-14,330,18.16590212,58,1.509024646,NA
PMDMED01_05_18-03-14,360,18.97366596,55.5,1.666214713,NA
PMDMED01_05_18-03-14,390,19.74841766,53,1.82340478,NA
PMDMED01_05_18-03-14,420,20.49390153,51,1.949156834,NA
PMDMED01_05_18-03-14,450,21.21320344,48.5,2.106346901,NA
PMDMED01_05_18-03-14,480,21.9089023,46,2.263536968,NA
PMDMED01_05_18-03-14,510,22.58317958,44,2.389289022,NA
PMDMED01_05_18-03-14,540,23.23790008,41.5,2.546479089,NA
PMDMED01_05_18-03-14,570,23.87467277,39,2.703669157,NA
PMDMED01_05_18-03-14,600,24.49489743,36.5,2.860859224,NA
PMDMED01_05_18-03-14,630,25.0998008,34,3.018049291,NA
PMDMED01_05_18-03-14,660,25.69046516,31.5,3.175239358,NA
PMDMED01_05_18-03-14,690,26.26785107,29,3.332429426,NA
PMDMED01_05_18-03-14,720,26.83281573,26,3.521057506,NA
PMDMED01_05_18-03-14,750,27.38612788,23.5,3.678247574,NA
PMDMED01_05_18-03-14,780,27.92848009,21,3.835437641,NA
PMDMED01_05_18-03-14,810,28.46049894,19,3.961189695,NA
PMDMED01_05_18-03-14,840,28.98275349,16,4.149817775,NA
PMDMED01_05_18-03-14,870,29.49576241,13.5,4.307007843,NA
PMDMED01_05_18-03-14,900,30,11,4.46419791,NA
PMDMED01_05_18-03-14,930,30.49590136,8.5,4.621387977,NA
PMDMED01_05_18-03-14,960,30.98386677,5.5,4.810016058,NA
PMDMED01_05_18-03-14,990,31.46426545,3,4.967206125,NA
PMDMED01_05_18-03-14,1020,31.93743885,0.5,5.124396192,NA
PMDMED02_02_18-03-23,0,0,84.5,0,NA
PMDMED02_02_18-03-23,30,5.477225575,84,0.031438013,NA
PMDMED02_02_18-03-23,60,7.745966692,84,0.031438013,NA
PMDMED02_02_18-03-23,90,9.486832981,84,0.031438013,NA
PMDMED02_02_18-03-23,120,10.95445115,84,0.031438013,just below
PMDMED02_02_18-03-23,150,12.24744871,83.5,0.062876027,NA
PMDMED02_02_18-03-23,180,13.41640786,83,0.09431404,NA
PMDMED02_02_18-03-23,210,14.49137675,83,0.09431404,NA
PMDMED02_02_18-03-23,240,15.49193338,83,0.09431404,NA
PMDMED02_02_18-03-23,270,16.43167673,83,0.09431404,NA
PMDMED02_02_18-03-23,300,17.32050808,83,0.09431404,NA
PMDMED02_02_18-03-23,330,18.16590212,83,0.09431404,NA
PMDMED02_02_18-03-23,360,18.97366596,83,0.09431404,NA
PMDMED02_02_18-03-23,390,19.74841766,82.5,0.125752054,NA
PMDMED02_02_18-03-23,420,20.49390153,82.5,0.125752054,NA
PMDMED02_02_18-03-23,450,21.21320344,82.5,0.125752054,NA
PMDMED02_02_18-03-23,480,21.9089023,82.5,0.125752054,NA
PMDMED02_02_18-03-23,510,22.58317958,82.5,0.125752054,NA
PMDMED02_02_18-03-23,540,23.23790008,82,0.157190067,just above
PMDMED02_02_18-03-23,570,23.87467277,82,0.157190067,just above
PMDMED02_02_18-03-23,600,24.49489743,82,0.157190067,just above
PMDMED02_02_18-03-23,630,25.0998008,82,0.157190067,just above
PMDMED02_02_18-03-23,660,25.69046516,82,0.157190067,just above
PMDMED02_02_18-03-23,690,26.26785107,82,0.157190067,just above
PMDMED02_02_18-03-23,720,26.83281573,82,0.157190067,just above
PMDMED02_02_18-03-23,750,27.38612788,82,0.157190067,NA
PMDMED02_02_18-03-23,780,27.92848009,82,0.157190067,NA
PMDMED02_02_18-03-23,810,28.46049894,82,0.157190067,NA
PMDMED02_02_18-03-23,840,28.98275349,82,0.157190067,NA
PMDMED02_02_18-03-23,870,29.49576241,82,0.157190067,NA
PMDMED02_02_18-03-23,900,30,82,0.157190067,NA
PMDMED02_02_18-03-23,930,30.49590136,82,0.157190067,NA
PMDMED02_02_18-03-23,960,30.98386677,82,0.157190067,NA
PMDMED02_02_18-03-23,990,31.46426545,82,0.157190067,NA
PMDMED02_02_18-03-23,1020,31.93743885,82,0.157190067,NA
PMDMED02_02_18-03-23,1050,32.40370349,82,0.157190067,NA
PMDMED02_02_18-03-23,1080,32.86335345,82,0.157190067,NA
PMDMED02_02_18-03-23,1110,33.3166625,82,0.157190067,NA
PMDMED02_02_18-03-23,1140,33.76388603,82,0.157190067,just below
PMDMED02_02_18-03-23,1170,34.20526275,82,0.157190067,just below
PMDMED02_02_18-03-23,1200,34.64101615,82,0.157190067,just below
PMDMED02_02_18-03-23,1230,35.07135583,82,0.157190067,just below
PMDMED02_02_18-03-23,1260,35.4964787,82,0.157190067,just below
PMDMED02_02_18-03-23,1290,35.91656999,82,0.157190067,just below
PMDMED02_02_18-03-23,1320,36.33180425,82,0.157190067,just below
PMDMED02_02_18-03-23,1380,37.14835124,81.5,0.188628081,every minute now
PMDMED02_02_18-03-23,1440,37.94733192,81.5,0.188628081,NA
PMDMED02_02_18-03-23,1500,38.72983346,81.5,0.188628081,NA
PMDMED02_02_18-03-23,1560,39.49683532,81.5,0.188628081,NA
PMDMED02_02_18-03-23,1620,40.24922359,81,0.220066094,just above
PMDMED02_02_18-03-23,1680,40.98780306,81,0.220066094,just above
PMDMED02_02_18-03-23,1740,41.71330723,81,0.220066094,just above
PMDMED02_02_18-03-23,1800,42.42640687,81,0.220066094,just above
PMDMED02_02_18-03-23,1860,43.12771731,81,0.220066094,NA
PMDMED02_02_18-03-23,1920,43.8178046,81,0.220066094,NA
PMDMED02_02_18-03-23,1980,44.49719092,81,0.220066094,NA
PMDMED02_02_18-03-23,2040,45.16635916,81,0.220066094,NA
PMDMED02_02_18-03-23,2100,45.82575695,81,0.220066094,just below
PMDMED02_02_18-03-23,2160,46.47580015,81,0.220066094,just below
PMDMED02_02_18-03-23,2220,47.11687596,81,0.220066094,NA
PMDMED02_02_18-03-23,2280,47.74934555,80.5,0.251504108,NA
PMDMED02_03_18-03-23,0,0,75,0,NA
PMDMED02_03_18-03-23,30,5.477225575,72.5,0.157190067,NA
PMDMED02_03_18-03-23,60,7.745966692,69,0.377256161,NA
PMDMED02_03_18-03-23,90,9.486832981,65,0.628760269,NA
PMDMED02_03_18-03-23,120,10.95445115,62,0.81738835,NA
PMDMED02_03_18-03-23,150,12.24744871,58,1.068892457,NA
PMDMED02_03_18-03-23,180,13.41640786,55,1.257520538,NA
PMDMED02_03_18-03-23,210,14.49137675,51,1.509024646,NA
PMDMED02_03_18-03-23,240,15.49193338,47,1.760528753,NA
PMDMED02_03_18-03-23,270,16.43167673,43,2.012032861,NA
PMDMED02_03_18-03-23,300,17.32050808,39,2.263536968,NA
PMDMED02_03_18-03-23,330,18.16590212,35.5,2.483603063,NA
PMDMED02_03_18-03-23,360,18.97366596,31,2.766545184,NA
PMDMED02_03_18-03-23,390,19.74841766,27.5,2.986611278,NA
PMDMED02_03_18-03-23,420,20.49390153,23.5,3.238115385,NA
PMDMED02_03_18-03-23,450,21.21320344,19.5,3.489619493,NA
PMDMED02_03_18-03-23,480,21.9089023,15,3.772561614,NA
PMDMED02_03_18-03-23,510,22.58317958,10.5,4.055503735,NA
PMDMED02_03_18-03-23,540,23.23790008,6.5,4.307007843,NA
PMDMED02_03_18-03-23,570,23.87467277,1,4.652825991,NA
PMDMED02_03_18-03-23-2,0,0,83.5,0,NA
PMDMED02_03_18-03-23-2,30,5.477225575,83,0.031438013,NA
PMDMED02_03_18-03-23-2,60,7.745966692,81,0.157190067,NA
PMDMED02_03_18-03-23-2,90,9.486832981,78,0.345818148,NA
PMDMED02_03_18-03-23-2,120,10.95445115,76,0.471570202,NA
PMDMED02_03_18-03-23-2,150,12.24744871,74,0.597322256,NA
PMDMED02_03_18-03-23-2,180,13.41640786,71.5,0.754512323,NA
PMDMED02_03_18-03-23-2,210,14.49137675,69,0.91170239,NA
PMDMED02_03_18-03-23-2,240,15.49193338,67,1.037454444,NA
PMDMED02_03_18-03-23-2,270,16.43167673,64.5,1.194644511,NA
PMDMED02_03_18-03-23-2,300,17.32050808,62.5,1.320396565,NA
PMDMED02_03_18-03-23-2,330,18.16590212,60,1.477586632,NA
PMDMED02_03_18-03-23-2,360,18.97366596,57.5,1.634776699,NA
PMDMED02_03_18-03-23-2,390,19.74841766,55,1.791966767,NA
PMDMED02_03_18-03-23-2,420,20.49390153,52,1.980594847,NA
PMDMED02_03_18-03-23-2,450,21.21320344,49.5,2.137784915,NA
PMDMED02_03_18-03-23-2,480,21.9089023,47.5,2.263536968,NA
PMDMED02_03_18-03-23-2,510,22.58317958,45,2.420727036,NA
PMDMED02_03_18-03-23-2,540,23.23790008,42.5,2.577917103,NA
PMDMED02_03_18-03-23-2,570,23.87467277,40,2.73510717,NA
PMDMED02_03_18-03-23-2,600,24.49489743,38,2.860859224,NA
PMDMED02_03_18-03-23-2,630,25.0998008,35.5,3.018049291,NA
PMDMED02_03_18-03-23-2,660,25.69046516,33,3.175239358,NA
PMDMED02_03_18-03-23-2,690,26.26785107,30.5,3.332429426,NA
PMDMED02_03_18-03-23-2,720,26.83281573,28,3.489619493,NA
PMDMED02_03_18-03-23-2,750,27.38612788,26,3.615371547,NA
PMDMED02_03_18-03-23-2,780,27.92848009,23.5,3.772561614,NA
PMDMED02_03_18-03-23-2,810,28.46049894,21,3.929751681,NA
PMDMED02_03_18-03-23-2,840,28.98275349,19,4.055503735,NA
PMDMED02_03_18-03-23-2,870,29.49576241,16.5,4.212693802,NA
PMDMED02_03_18-03-23-2,900,30,14,4.36988387,NA
PMDMED02_03_18-03-23-2,930,30.49590136,11.5,4.527073937,NA
PMDMED02_03_18-03-23-2,960,30.98386677,9,4.684264004,NA
PMDMED02_03_18-03-23-2,990,31.46426545,6.5,4.841454071,NA
PMDMED02_03_18-03-23-2,1020,31.93743885,4.5,4.967206125,NA
PMDMED02_03_18-03-23-2,1050,32.40370349,2,5.124396192,NA
PMDMED02_04_18-03-23,0,0,87,0,NA
PMDMED02_04_18-03-23,30,5.477225575,87,0,NA
PMDMED02_04_18-03-23,60,7.745966692,86.5,0.031438013,NA
PMDMED02_04_18-03-23,90,9.486832981,86,0.062876027,NA
PMDMED02_04_18-03-23,120,10.95445115,85.5,0.09431404,NA
PMDMED02_04_18-03-23,150,12.24744871,85,0.125752054,NA
PMDMED02_04_18-03-23,180,13.41640786,84,0.188628081,NA
PMDMED02_04_18-03-23,210,14.49137675,84,0.188628081,NA
PMDMED02_04_18-03-23,240,15.49193338,83,0.251504108,NA
PMDMED02_04_18-03-23,270,16.43167673,82,0.314380135,NA
PMDMED02_04_18-03-23,300,17.32050808,82,0.314380135,NA
PMDMED02_04_18-03-23,330,18.16590212,81.5,0.345818148,NA
PMDMED02_04_18-03-23,360,18.97366596,81,0.377256161,NA
PMDMED02_04_18-03-23,390,19.74841766,80.5,0.408694175,NA
PMDMED02_04_18-03-23,420,20.49390153,79.5,0.471570202,NA
PMDMED02_04_18-03-23,450,21.21320344,79,0.503008215,NA
PMDMED02_04_18-03-23,480,21.9089023,78,0.565884242,NA
PMDMED02_04_18-03-23,510,22.58317958,77,0.628760269,NA
PMDMED02_04_18-03-23,540,23.23790008,76,0.691636296,NA
PMDMED02_04_18-03-23,570,23.87467277,75,0.754512323,NA
PMDMED02_04_18-03-23,600,24.49489743,74,0.81738835,NA
PMDMED02_04_18-03-23,630,25.0998008,73,0.880264377,NA
PMDMED02_04_18-03-23,660,25.69046516,72,0.943140404,NA
PMDMED02_04_18-03-23,690,26.26785107,71.5,0.974578417,NA
PMDMED02_04_18-03-23,720,26.83281573,70,1.068892457,NA
PMDMED02_04_18-03-23,750,27.38612788,69.5,1.100330471,NA
PMDMED02_04_18-03-23,780,27.92848009,69.5,1.100330471,NA
PMDMED02_04_18-03-23,810,28.46049894,68.5,1.163206498,NA
PMDMED02_04_18-03-23,840,28.98275349,67.5,1.226082525,NA
PMDMED02_04_18-03-23,870,29.49576241,66.5,1.288958551,NA
PMDMED02_04_18-03-23,900,30,65.5,1.351834578,NA
PMDMED02_04_18-03-23,930,30.49590136,65,1.383272592,NA
PMDMED02_04_18-03-23,960,30.98386677,63.5,1.477586632,NA
PMDMED02_04_18-03-23,990,31.46426545,62,1.571900673,NA
PMDMED02_04_18-03-23,1020,31.93743885,61,1.634776699,NA
PMDMED02_04_18-03-23,1050,32.40370349,60,1.697652726,NA
PMDMED02_05_18-03-23,0,0,78,0,NA
PMDMED02_05_18-03-23,30,5.477225575,74.5,0.220066094,NA
PMDMED02_05_18-03-23,60,7.745966692,71,0.440132188,NA
PMDMED02_05_18-03-23,90,9.486832981,69,0.565884242,NA
PMDMED02_05_18-03-23,120,10.95445115,67,0.691636296,NA
PMDMED02_05_18-03-23,150,12.24744871,65,0.81738835,NA
PMDMED02_05_18-03-23,180,13.41640786,64,0.880264377,NA
PMDMED02_05_18-03-23,210,14.49137675,62,1.00601643,NA
PMDMED02_05_18-03-23,240,15.49193338,60.5,1.100330471,NA
PMDMED02_05_18-03-23,270,16.43167673,59,1.194644511,NA
PMDMED02_05_18-03-23,300,17.32050808,57,1.320396565,NA
PMDMED02_05_18-03-23,330,18.16590212,55.5,1.414710605,NA
PMDMED02_05_18-03-23,360,18.97366596,53.5,1.540462659,NA
PMDMED02_05_18-03-23,390,19.74841766,52,1.634776699,NA
PMDMED02_05_18-03-23,420,20.49390153,50,1.760528753,NA
PMDMED02_05_18-03-23,450,21.21320344,48,1.886280807,NA
PMDMED02_05_18-03-23,480,21.9089023,46.5,1.980594847,NA
PMDMED02_05_18-03-23,510,22.58317958,44.5,2.106346901,NA
PMDMED02_05_18-03-23,540,23.23790008,43,2.200660942,NA
PMDMED02_05_18-03-23,570,23.87467277,41,2.326412995,NA
PMDMED02_05_18-03-23,600,24.49489743,39,2.452165049,NA
PMDMED02_05_18-03-23,630,25.0998008,37.5,2.546479089,NA
PMDMED02_05_18-03-23,660,25.69046516,36,2.64079313,NA
PMDMED02_05_18-03-23,690,26.26785107,34,2.766545184,NA
PMDMED02_05_18-03-23,720,26.83281573,32,2.892297237,NA
PMDMED02_05_18-03-23,750,27.38612788,30.5,2.986611278,NA
PMDMED02_05_18-03-23,780,27.92848009,29,3.080925318,NA
PMDMED02_05_18-03-23,810,28.46049894,27.5,3.175239358,NA
PMDMED02_05_18-03-23,840,28.98275349,26,3.269553399,NA
PMDMED02_05_18-03-23,870,29.49576241,25,3.332429426,NA
PMDMED02_05_18-03-23,900,30,23,3.45818148,NA
PMDMED02_05_18-03-23,930,30.49590136,21,3.583933533,NA
PMDMED02_05_18-03-23,960,30.98386677,19.5,3.678247574,NA
PMDMED02_05_18-03-23,990,31.46426545,18,3.772561614,NA
PMDMED02_05_18-03-23,1020,31.93743885,16,3.898313668,NA
PMDMED02_05_18-03-23,1050,32.40370349,14.5,3.992627708,NA
PMDMED02_05_18-03-23,1080,32.86335345,13,4.086941749,NA
PMDMED02_05_18-03-23,1110,33.3166625,11,4.212693802,NA
PMDMED02_05_18-03-23,1140,33.76388603,9,4.338445856,NA
PMDMED02_05_18-03-23,1170,34.20526275,7,4.46419791,NA
PMDMED02_05_18-03-23,1200,34.64101615,5,4.589949964,NA
PMDMED02_05_18-03-23,1230,35.07135583,2.5,4.747140031,NA
PMD03_MED02_18-03-23,0,0,83.5,0,NA
PMD03_MED02_18-03-23,30,5.477225575,82.5,0.062876027,NA
PMD03_MED02_18-03-23,60,7.745966692,81,0.157190067,NA
PMD03_MED02_18-03-23,90,9.486832981,79.5,0.251504108,NA
PMD03_MED02_18-03-23,120,10.95445115,78,0.345818148,NA
PMD03_MED02_18-03-23,150,12.24744871,77,0.408694175,NA
PMD03_MED02_18-03-23,180,13.41640786,75.5,0.503008215,NA
PMD03_MED02_18-03-23,210,14.49137675,74,0.597322256,NA
PMD03_MED02_18-03-23,240,15.49193338,72.5,0.691636296,NA
PMD03_MED02_18-03-23,270,16.43167673,71,0.785950336,NA
PMD03_MED02_18-03-23,300,17.32050808,69,0.91170239,NA
PMD03_MED02_18-03-23,330,18.16590212,67.5,1.00601643,NA
PMD03_MED02_18-03-23,360,18.97366596,66,1.100330471,NA
PMD03_MED02_18-03-23,390,19.74841766,64.5,1.194644511,NA
PMD03_MED02_18-03-23,420,20.49390153,63,1.288958551,NA
PMD03_MED02_18-03-23,450,21.21320344,61,1.414710605,NA
PMD03_MED02_18-03-23,480,21.9089023,59.5,1.509024646,NA
PMD03_MED02_18-03-23,510,22.58317958,58,1.603338686,NA
PMD03_MED02_18-03-23,540,23.23790008,57,1.666214713,NA
PMD03_MED02_18-03-23,570,23.87467277,55,1.791966767,NA
PMD03_MED02_18-03-23,600,24.49489743,53.5,1.886280807,NA
PMD03_MED02_18-03-23,630,25.0998008,52,1.980594847,NA
PMD03_MED02_18-03-23,660,25.69046516,51,2.043470874,NA
PMD03_MED02_18-03-23,690,26.26785107,49.5,2.137784915,NA
PMD03_MED02_18-03-23,720,26.83281573,48,2.232098955,NA
PMD03_MED02_18-03-23,750,27.38612788,46,2.357851009,NA
PMD03_MED02_18-03-23,780,27.92848009,45.5,2.389289022,NA
PMD03_MED02_18-03-23,810,28.46049894,43,2.546479089,NA
PMD03_MED02_18-03-23,840,28.98275349,42,2.609355116,NA
PMD03_MED02_18-03-23,870,29.49576241,40,2.73510717,NA
PMD03_MED02_18-03-23,900,30,38.5,2.829421211,NA
PMD03_MED02_18-03-23,930,30.49590136,37,2.923735251,NA
PMD03_MED02_18-03-23,960,30.98386677,35.5,3.018049291,NA
PMD03_MED02_18-03-23,990,31.46426545,34,3.112363332,NA
PMD03_MED02_18-03-23,1020,31.93743885,32.5,3.206677372,NA
PMD03_MED02_18-03-23,1050,32.40370349,31,3.300991412,NA
PMD03_MED02_18-03-23,1080,32.86335345,29.5,3.395305453,NA
PMD03_MED02_18-03-23,1110,33.3166625,28,3.489619493,NA
PMD03_MED02_18-03-23,1140,33.76388603,27,3.55249552,NA
PMD03_MED02_18-03-23,1170,34.20526275,25,3.678247574,NA
PMD03_MED02_18-03-23,1200,34.64101615,23.5,3.772561614,NA
PMD03_MED02_18-03-23,1230,35.07135583,22,3.866875654,NA
PMDNAT02_01_18-03-23,0,0,77,0,NA
PMDNAT02_01_18-03-23,30,5.477225575,74.5,0.157190067,NA
PMDNAT02_01_18-03-23,60,7.745966692,72,0.314380135,NA
PMDNAT02_01_18-03-23,90,9.486832981,69,0.503008215,NA
PMDNAT02_01_18-03-23,120,10.95445115,65.5,0.723074309,NA
PMDNAT02_01_18-03-23,150,12.24744871,62,0.943140404,NA
PMDNAT02_01_18-03-23,180,13.41640786,57.5,1.226082525,NA
PMDNAT02_01_18-03-23,210,14.49137675,52,1.571900673,NA
PMDNAT02_01_18-03-23,240,15.49193338,46.5,1.91771882,NA
PMDNAT02_01_18-03-23,270,16.43167673,41,2.263536968,NA
PMDNAT02_01_18-03-23,300,17.32050808,36,2.577917103,NA
PMDNAT02_01_18-03-23,330,18.16590212,31,2.892297237,NA
PMDNAT02_01_18-03-23,360,18.97366596,26.5,3.175239358,NA
PMDNAT02_01_18-03-23,390,19.74841766,24,3.332429426,NA
PMDNAT02_01_18-03-23,420,20.49390153,21,3.521057506,NA
PMDNAT02_01_18-03-23,450,21.21320344,18,3.709685587,NA
PMDNAT02_01_18-03-23,480,21.9089023,14.5,3.929751681,NA
PMDNAT02_01_18-03-23,510,22.58317958,12,4.086941749,NA
PMDNAT02_01_18-03-23,540,23.23790008,9,4.275569829,NA
PMDNAT02_01_18-03-23,570,23.87467277,6,4.46419791,NA
PMDNAT02_01_18-03-23,600,24.49489743,3.5,4.621387977,NA
PMDNAT02_01_18-03-23-2,0,0,92,0,NA
PMDNAT02_01_18-03-23-2,30,5.477225575,92,0,NA
PMDNAT02_01_18-03-23-2,60,7.745966692,91.5,0.031438013,NA
PMDNAT02_01_18-03-23-2,90,9.486832981,91,0.062876027,NA
PMDNAT02_01_18-03-23-2,120,10.95445115,91,0.062876027,NA
PMDNAT02_01_18-03-23-2,150,12.24744871,90.5,0.09431404,NA
PMDNAT02_01_18-03-23-2,180,13.41640786,90.5,0.09431404,NA
PMDNAT02_01_18-03-23-2,210,14.49137675,90.5,0.09431404,NA
PMDNAT02_01_18-03-23-2,240,15.49193338,90,0.125752054,NA
PMDNAT02_01_18-03-23-2,270,16.43167673,90,0.125752054,NA
PMDNAT02_01_18-03-23-2,300,17.32050808,90,0.125752054,NA
PMDNAT02_01_18-03-23-2,330,18.16590212,89.5,0.157190067,NA
PMDNAT02_01_18-03-23-2,360,18.97366596,89.5,0.157190067,NA
PMDNAT02_01_18-03-23-2,390,19.74841766,89,0.188628081,NA
PMDNAT02_01_18-03-23-2,420,20.49390153,89,0.188628081,NA
PMDNAT02_01_18-03-23-2,450,21.21320344,89,0.188628081,NA
PMDNAT02_01_18-03-23-2,480,21.9089023,89,0.188628081,NA
PMDNAT02_01_18-03-23-2,510,22.58317958,88.5,0.220066094,NA
PMDNAT02_01_18-03-23-2,540,23.23790008,88.5,0.220066094,NA
PMDNAT02_01_18-03-23-2,570,23.87467277,88,0.251504108,NA
PMDNAT02_01_18-03-23-2,600,24.49489743,88,0.251504108,NA
PMDNAT02_01_18-03-23-2,630,25.0998008,88,0.251504108,NA
PMDNAT02_01_18-03-23-2,660,25.69046516,88,0.251504108,NA
PMDNAT02_01_18-03-23-2,690,26.26785107,88,0.251504108,NA
PMDNAT02_01_18-03-23-2,720,26.83281573,88,0.251504108,NA
PMDNAT02_01_18-03-23-2,750,27.38612788,87.5,0.282942121,NA
PMDNAT02_01_18-03-23-2,780,27.92848009,87.5,0.282942121,NA
PMDNAT02_01_18-03-23-2,810,28.46049894,87,0.314380135,NA
PMDNAT02_01_18-03-23-2,840,28.98275349,87,0.314380135,NA
PMDNAT02_01_18-03-23-2,870,29.49576241,87,0.314380135,NA
PMDNAT02_01_18-03-23-2,900,30,87,0.314380135,NA
PMDNAT02_01_18-03-23-2,930,30.49590136,87,0.314380135,NA
PMDNAT02_01_18-03-23-2,960,30.98386677,86.5,0.345818148,NA
PMDNAT02_01_18-03-23-2,990,31.46426545,86.5,0.345818148,NA
PMDNAT02_01_18-03-23-2,1020,31.93743885,86.5,0.345818148,NA
PMDNAT02_01_18-03-23-2,1050,32.40370349,86,0.377256161,NA
PMDNAT02_01_18-03-23-2,1080,32.86335345,86,0.377256161,NA
PMDNAT02_01_18-03-23-2,1110,33.3166625,86,0.377256161,NA
PMDNAT02_01_18-03-23-2,1140,33.76388603,86,0.377256161,NA
PMDNAT02_01_18-03-23-2,1170,34.20526275,86,0.377256161,NA
PMDNAT02_01_18-03-23-2,1200,34.64101615,86,0.377256161,NA
PMDNAT02_01_18-03-23-2,1230,35.07135583,86,0.377256161,NA
PMDNAT02_01_18-03-23-2,1260,35.4964787,86,0.377256161,NA
PMDNAT02_01_18-03-23-2,1290,35.91656999,85.5,0.408694175,NA
PMDNAT02_01_18-03-23-2,1320,36.33180425,85.5,0.408694175,NA
PMDNAT02_01_18-03-23-2,1350,36.74234614,85.5,0.408694175,NA
PMDNAT02_01_18-03-23-2,1380,37.14835124,85.5,0.408694175,every minute now
PMDNAT02_01_18-03-23-2,1440,37.94733192,85,0.440132188,NA
PMDNAT02_01_18-03-23-2,1500,38.72983346,85,0.440132188,NA
PMDNAT02_01_18-03-23-2,1560,39.49683532,85,0.440132188,NA
PMDNAT02_01_18-03-23-2,1620,40.24922359,85,0.440132188,NA
PMDNAT02_01_18-03-23-2,1680,40.98780306,84.5,0.471570202,NA
PMDNAT02_01_18-03-23-2,1740,41.71330723,84,0.503008215,NA
PMDNAT02_01_18-03-23-2,1800,42.42640687,84,0.503008215,NA
PMDNAT02_01_18-03-23-2,1860,43.12771731,84,0.503008215,NA
PMDNAT02_01_18-03-23-2,1920,43.8178046,83.5,0.534446229,NA
PMDNAT02_01_18-03-23-2,1980,44.49719092,83.5,0.534446229,NA
PMDNAT02_01_18-03-23-2,2040,45.16635916,83,0.565884242,NA
PMDNAT02_01_18-03-23-2,2100,45.82575695,83,0.565884242,NA
PMDNAT02_01_18-03-23-2,2160,46.47580015,82.5,0.597322256,NA
PMDNAT02_01_18-03-23-2,2220,47.11687596,82,0.628760269,NA
PMDNAT02_02_18-03-23,0,0,82.5,0,NA
PMDNAT02_02_18-03-23,30,5.477225575,82,0.031438013,NA
PMDNAT02_02_18-03-23,60,7.745966692,81.5,0.062876027,NA
PMDNAT02_02_18-03-23,90,9.486832981,81,0.09431404,NA
PMDNAT02_02_18-03-23,120,10.95445115,80,0.157190067,NA
PMDNAT02_02_18-03-23,150,12.24744871,79,0.220066094,NA
PMDNAT02_02_18-03-23,180,13.41640786,78,0.282942121,NA
PMDNAT02_02_18-03-23,210,14.49137675,77,0.345818148,NA
PMDNAT02_02_18-03-23,240,15.49193338,76.5,0.377256161,NA
PMDNAT02_02_18-03-23,270,16.43167673,75.5,0.440132188,NA
PMDNAT02_02_18-03-23,300,17.32050808,74.5,0.503008215,NA
PMDNAT02_02_18-03-23,330,18.16590212,74,0.534446229,NA
PMDNAT02_02_18-03-23,360,18.97366596,73,0.597322256,NA
PMDNAT02_02_18-03-23,390,19.74841766,72,0.660198282,NA
PMDNAT02_02_18-03-23,420,20.49390153,71.5,0.691636296,NA
PMDNAT02_02_18-03-23,450,21.21320344,70.5,0.754512323,NA
PMDNAT02_02_18-03-23,480,21.9089023,70,0.785950336,NA
PMDNAT02_02_18-03-23,510,22.58317958,69,0.848826363,NA
PMDNAT02_02_18-03-23,540,23.23790008,68,0.91170239,NA
PMDNAT02_02_18-03-23,570,23.87467277,67,0.974578417,NA
PMDNAT02_02_18-03-23,600,24.49489743,66,1.037454444,NA
PMDNAT02_02_18-03-23,630,25.0998008,65.5,1.068892457,NA
PMDNAT02_02_18-03-23,660,25.69046516,64.5,1.131768484,NA
PMDNAT02_02_18-03-23,690,26.26785107,63.5,1.194644511,NA
PMDNAT02_02_18-03-23,720,26.83281573,62.5,1.257520538,NA
PMDNAT02_02_18-03-23,750,27.38612788,62,1.288958551,NA
PMDNAT02_02_18-03-23,780,27.92848009,60.5,1.383272592,NA
PMDNAT02_02_18-03-23,810,28.46049894,60,1.414710605,NA
PMDNAT02_02_18-03-23,840,28.98275349,58.5,1.509024646,NA
PMDNAT02_02_18-03-23,870,29.49576241,57.5,1.571900673,NA
PMDNAT02_02_18-03-23,900,30,56.5,1.634776699,NA
PMDNAT02_02_18-03-23,930,30.49590136,55.5,1.697652726,NA
PMDNAT02_02_18-03-23,960,30.98386677,54.5,1.760528753,NA
PMDNAT02_02_18-03-23,990,31.46426545,53,1.854842794,NA
PMDNAT02_02_18-03-23,1020,31.93743885,52,1.91771882,NA
PMDNAT02_02_18-03-23,1050,32.40370349,51,1.980594847,NA
PMDNAT02_02_18-03-23,1080,32.86335345,49.5,2.074908888,NA
PMDNAT02_02_18-03-23,1110,33.3166625,48.5,2.137784915,NA
PMDNAT02_02_18-03-23,1140,33.76388603,47,2.232098955,NA
PMDNAT02_02_18-03-23,1170,34.20526275,45.5,2.326412995,NA
PMDNAT02_02_18-03-23,1200,34.64101615,44,2.420727036,NA
PMDNAT02_02_18-03-23,1230,35.07135583,43,2.483603063,NA
PMDNAT02_02_18-03-23,1260,35.4964787,41.5,2.577917103,NA
PMDNAT02_02_18-03-23,1290,35.91656999,40,2.672231143,NA
PMDNAT02_03_18-03-23,0,0,85,0,NA
PMDNAT02_03_18-03-23,30,5.477225575,85,0,NA
PMDNAT02_03_18-03-23,60,7.745966692,85,0,NA
PMDNAT02_03_18-03-23,90,9.486832981,85,0,NA
PMDNAT02_03_18-03-23,120,10.95445115,85,0,NA
PMDNAT02_03_18-03-23,150,12.24744871,85,0,NA
PMDNAT02_03_18-03-23,180,13.41640786,84.5,0.031438013,NA
PMDNAT02_03_18-03-23,210,14.49137675,84.5,0.031438013,NA
PMDNAT02_03_18-03-23,240,15.49193338,84.5,0.031438013,NA
PMDNAT02_03_18-03-23,270,16.43167673,84.5,0.031438013,NA
PMDNAT02_03_18-03-23,300,17.32050808,84,0.062876027,NA
PMDNAT02_03_18-03-23,330,18.16590212,84,0.062876027,NA
PMDNAT02_03_18-03-23,360,18.97366596,84,0.062876027,NA
PMDNAT02_03_18-03-23,390,19.74841766,83.5,0.09431404,NA
PMDNAT02_03_18-03-23,420,20.49390153,83.5,0.09431404,NA
PMDNAT02_03_18-03-23,450,21.21320344,83,0.125752054,NA
PMDNAT02_03_18-03-23,480,21.9089023,83,0.125752054,NA
PMDNAT02_03_18-03-23,510,22.58317958,83,0.125752054,NA
PMDNAT02_03_18-03-23,540,23.23790008,82.5,0.157190067,NA
PMDNAT02_03_18-03-23,570,23.87467277,82.5,0.157190067,NA
PMDNAT02_03_18-03-23,600,24.49489743,82,0.188628081,NA
PMDNAT02_03_18-03-23,630,25.0998008,82,0.188628081,NA
PMDNAT02_03_18-03-23,660,25.69046516,81.5,0.220066094,NA
PMDNAT02_03_18-03-23,690,26.26785107,81.5,0.220066094,NA
PMDNAT02_03_18-03-23,720,26.83281573,81.5,0.220066094,NA
PMDNAT02_03_18-03-23,750,27.38612788,81,0.251504108,NA
PMDNAT02_03_18-03-23,780,27.92848009,80.5,0.282942121,NA
PMDNAT02_03_18-03-23,810,28.46049894,80.5,0.282942121,NA
PMDNAT02_03_18-03-23,840,28.98275349,80,0.314380135,just above
PMDNAT02_03_18-03-23,870,29.49576241,80,0.314380135,NA
PMDNAT02_03_18-03-23,900,30,80,0.314380135,NA
PMDNAT02_03_18-03-23,930,30.49590136,79.5,0.345818148,NA
PMDNAT02_03_18-03-23,960,30.98386677,79.5,0.345818148,NA
PMDNAT02_03_18-03-23,990,31.46426545,79,0.377256161,NA
PMDNAT02_03_18-03-23,1020,31.93743885,79,0.377256161,NA
PMDNAT02_03_18-03-23,1050,32.40370349,79,0.377256161,NA
PMDNAT02_03_18-03-23,1080,32.86335345,78.5,0.408694175,NA
PMDNAT02_03_18-03-23,1110,33.3166625,78.5,0.408694175,NA
PMDNAT02_03_18-03-23,1140,33.76388603,78,0.440132188,NA
PMDNAT02_03_18-03-23,1170,34.20526275,77.5,0.471570202,NA
PMDNAT02_03_18-03-23,1200,34.64101615,77,0.503008215,NA
PMDNAT02_03_18-03-23,1230,35.07135583,77,0.503008215,NA
PMDNAT02_03_18-03-23,1260,35.4964787,76.5,0.534446229,NA
PMDNAT02_03_18-03-23,1290,35.91656999,76,0.565884242,NA
PMDNAT02_03_18-03-23,1320,36.33180425,76,0.565884242,NA
PMDNAT02_03_18-03-23,1350,36.74234614,75.5,0.597322256,NA
PMDNAT02_03_18-03-23,1380,37.14835124,75,0.628760269,NA
PMDNAT02_04_18-03-23,0,0,91.5,0,NA
PMDNAT02_04_18-03-23,30,5.477225575,91,0.031438013,NA
PMDNAT02_04_18-03-23,60,7.745966692,91,0.031438013,NA
PMDNAT02_04_18-03-23,90,9.486832981,91,0.031438013,NA
PMDNAT02_04_18-03-23,120,10.95445115,91,0.031438013,NA
PMDNAT02_04_18-03-23,150,12.24744871,91,0.031438013,NA
PMDNAT02_04_18-03-23,180,13.41640786,91,0.031438013,NA
PMDNAT02_04_18-03-23,210,14.49137675,90.5,0.062876027,NA
PMDNAT02_04_18-03-23,240,15.49193338,90.5,0.062876027,NA
PMDNAT02_04_18-03-23,270,16.43167673,90.5,0.062876027,NA
PMDNAT02_04_18-03-23,300,17.32050808,90,0.09431404,NA
PMDNAT02_04_18-03-23,330,18.16590212,90,0.09431404,NA
PMDNAT02_04_18-03-23,360,18.97366596,90,0.09431404,NA
PMDNAT02_04_18-03-23,390,19.74841766,90,0.09431404,NA
PMDNAT02_04_18-03-23,420,20.49390153,89.5,0.125752054,NA
PMDNAT02_04_18-03-23,450,21.21320344,89.5,0.125752054,NA
PMDNAT02_04_18-03-23,480,21.9089023,89.5,0.125752054,NA
PMDNAT02_04_18-03-23,510,22.58317958,89.5,0.125752054,NA
PMDNAT02_04_18-03-23,540,23.23790008,89,0.157190067,NA
PMDNAT02_04_18-03-23,570,23.87467277,89,0.157190067,NA
PMDNAT02_04_18-03-23,600,24.49489743,89,0.157190067,NA
PMDNAT02_04_18-03-23,630,25.0998008,89,0.157190067,NA
PMDNAT02_04_18-03-23,660,25.69046516,89,0.157190067,NA
PMDNAT02_04_18-03-23,690,26.26785107,88.5,0.188628081,NA
PMDNAT02_04_18-03-23,720,26.83281573,88,0.220066094,NA
PMDNAT02_04_18-03-23,750,27.38612788,88,0.220066094,NA
PMDNAT02_04_18-03-23,780,27.92848009,88,0.220066094,NA
PMDNAT02_04_18-03-23,810,28.46049894,88,0.220066094,NA
PMDNAT02_04_18-03-23,840,28.98275349,88,0.220066094,NA
PMDNAT02_04_18-03-23,870,29.49576241,87.5,0.251504108,NA
PMDNAT02_04_18-03-23,900,30,87.5,0.251504108,NA
PMDNAT02_04_18-03-23,930,30.49590136,87.5,0.251504108,NA
PMDNAT02_04_18-03-23,960,30.98386677,87.5,0.251504108,NA
PMDNAT02_04_18-03-23,990,31.46426545,87,0.282942121,NA
PMDNAT02_04_18-03-23,1020,31.93743885,87,0.282942121,NA
PMDNAT02_04_18-03-23,1050,32.40370349,87,0.282942121,NA
PMDNAT02_04_18-03-23,1080,32.86335345,87,0.282942121,NA
PMDNAT02_04_18-03-23,1110,33.3166625,87,0.282942121,NA
PMDNAT02_04_18-03-23,1140,33.76388603,86.5,0.314380135,NA
PMDNAT02_04_18-03-23,1170,34.20526275,86.5,0.314380135,NA
PMDNAT02_04_18-03-23,1200,34.64101615,86.5,0.314380135,NA
PMDNAT02_04_18-03-23,1230,35.07135583,86.5,0.314380135,NA
PMDNAT02_04_18-03-23,1260,35.4964787,86,0.345818148,NA
PMDNAT02_04_18-03-23,1290,35.91656999,86,0.345818148,NA
PMDNAT02_04_18-03-23,1320,36.33180425,86,0.345818148,NA
PMDNAT02_04_18-03-23,1350,36.74234614,86,0.345818148,NA
PMDNAT02_04_18-03-23,1380,37.14835124,86,0.345818148,NA
PMDNAT02_04_18-03-23,1410,37.54996671,86,0.345818148,NA
PMDNAT02_04_18-03-23,1440,37.94733192,86,0.345818148,every minute now
PMDNAT02_04_18-03-23,1500,38.72983346,86,0.345818148,NA
PMDNAT02_04_18-03-23,1560,39.49683532,86,0.345818148,NA
PMDNAT02_04_18-03-23,1620,40.24922359,86,0.345818148,NA
PMDNAT02_04_18-03-23,1680,40.98780306,86,0.345818148,NA
PMDNAT02_04_18-03-23,1740,41.71330723,85.5,0.377256161,NA
PMDNAT02_04_18-03-23,1800,42.42640687,85.5,0.377256161,NA
PMDNAT02_04_18-03-23,1860,43.12771731,85.5,0.377256161,NA
PMDNAT02_04_18-03-23,1920,43.8178046,85,0.408694175,NA
PMDNAT02_04_18-03-23,1980,44.49719092,85,0.408694175,NA
PMDNAT02_04_18-03-23,2040,45.16635916,85,0.408694175,NA
PMDNAT02_04_18-03-23,2100,45.82575695,85,0.408694175,NA
PMDNAT02_04_18-03-23,2160,46.47580015,85,0.408694175,NA
PMDNAT02_04_18-03-23,2220,47.11687596,85,0.408694175,NA
PMDNAT02_04_18-03-23,2280,47.74934555,84.5,0.440132188,NA
PMDNAT02_04_18-03-23,2340,48.37354649,84.5,0.440132188,NA
PMDNAT02_04_18-03-23,2400,48.98979486,84.5,0.440132188,NA
PMDNAT02_04_18-03-23,2460,49.59838707,84.5,0.440132188,NA
PMDNAT02_04_18-03-23,2520,50.19960159,84.5,0.440132188,NA
PMDNAT02_04_18-03-23,2580,50.7937004,84,0.471570202,NA
PMDNAT02_04_18-03-23,2640,51.38093031,84,0.471570202,NA
PMDNAT02_04_18-03-23,2700,51.96152423,84,0.471570202,NA
PMDNAT02_05_18-03-23,0,0,80,0,NA
PMDNAT02_05_18-03-23,30,5.477225575,80,0,NA
PMDNAT02_05_18-03-23,60,7.745966692,80,0,NA
PMDNAT02_05_18-03-23,90,9.486832981,79.5,0.031438013,NA
PMDNAT02_05_18-03-23,120,10.95445115,79.5,0.031438013,NA
PMDNAT02_05_18-03-23,150,12.24744871,79,0.062876027,NA
PMDNAT02_05_18-03-23,180,13.41640786,79,0.062876027,NA
PMDNAT02_05_18-03-23,210,14.49137675,79,0.062876027,NA
PMDNAT02_05_18-03-23,240,15.49193338,78.5,0.09431404,NA
PMDNAT02_05_18-03-23,270,16.43167673,78,0.125752054,NA
PMDNAT02_05_18-03-23,300,17.32050808,78,0.125752054,NA
PMDNAT02_05_18-03-23,330,18.16590212,77.5,0.157190067,NA
PMDNAT02_05_18-03-23,360,18.97366596,77,0.188628081,NA
PMDNAT02_05_18-03-23,390,19.74841766,77,0.188628081,NA
PMDNAT02_05_18-03-23,420,20.49390153,77,0.188628081,NA
PMDNAT02_05_18-03-23,450,21.21320344,76.5,0.220066094,NA
PMDNAT02_05_18-03-23,480,21.9089023,76,0.251504108,NA
PMDNAT02_05_18-03-23,510,22.58317958,76,0.251504108,NA
PMDNAT02_05_18-03-23,540,23.23790008,76,0.251504108,NA
PMDNAT02_05_18-03-23,570,23.87467277,75.5,0.282942121,NA
PMDNAT02_05_18-03-23,600,24.49489743,75,0.314380135,NA
PMDNAT02_05_18-03-23,630,25.0998008,75,0.314380135,NA
PMDNAT02_05_18-03-23,660,25.69046516,75,0.314380135,NA
PMDNAT02_05_18-03-23,690,26.26785107,74.5,0.345818148,NA
PMDNAT02_05_18-03-23,720,26.83281573,74,0.377256161,NA
PMDNAT02_05_18-03-23,750,27.38612788,74,0.377256161,NA
PMDNAT02_05_18-03-23,780,27.92848009,73.5,0.408694175,NA
PMDNAT02_05_18-03-23,810,28.46049894,73.5,0.408694175,NA
PMDNAT02_05_18-03-23,840,28.98275349,73,0.440132188,NA
PMDNAT02_05_18-03-23,870,29.49576241,73,0.440132188,NA
PMDNAT02_05_18-03-23,900,30,72.5,0.471570202,NA
PMDNAT02_05_18-03-23,930,30.49590136,72,0.503008215,NA
PMDNAT02_05_18-03-23,960,30.98386677,72,0.503008215,NA
PMDNAT02_05_18-03-23,990,31.46426545,72,0.503008215,NA
PMDNAT02_05_18-03-23,1020,31.93743885,71.5,0.534446229,NA
PMDNAT02_05_18-03-23,1050,32.40370349,71,0.565884242,NA
PMDNAT02_05_18-03-23,1080,32.86335345,71,0.565884242,NA
PMDNAT02_05_18-03-23,1110,33.3166625,70.5,0.597322256,NA
PMDNAT02_05_18-03-23,1140,33.76388603,70,0.628760269,NA
PMDNAT02_05_18-03-23,1170,34.20526275,69.5,0.660198282,NA
PMDNAT02_05_18-03-23,1200,34.64101615,69.5,0.660198282,NA
PMDNAT02_05_18-03-23,1230,35.07135583,69,0.691636296,NA
PMDNAT02_05_18-03-23,1260,35.4964787,69,0.691636296,NA
PMDNAT02_05_18-03-23,1290,35.91656999,68.5,0.723074309,NA
HAR01_01_15-11-17,0,0,73.5,0,NA
HAR01_01_15-11-17,120,10.95445115,71.5,0.125752054,NA
HAR01_01_15-11-17,240,15.49193338,69,0.282942121,NA
HAR01_01_15-11-17,360,18.97366596,66.5,0.440132188,NA
HAR01_01_15-11-17,480,21.9089023,63.5,0.628760269,NA
HAR01_01_15-11-17,600,24.49489743,60.5,0.81738835,NA
HAR01_01_15-11-17,720,26.83281573,57,1.037454444,NA
HAR01_01_15-11-17,840,28.98275349,53,1.288958551,NA
HAR01_02_15-11-17,0,0,82,0,NA
HAR01_02_15-11-17,120,10.95445115,72,0.628760269,NA
HAR01_02_15-11-17,240,15.49193338,65,1.068892457,NA
HAR01_02_15-11-17,360,18.97366596,55,1.697652726,NA
HAR01_02_15-11-17,480,21.9089023,43,2.452165049,NA
HAR01_03_15-11-17,0,0,63,0,NA
HAR01_03_15-11-17,120,10.95445115,55,0.503008215,NA
HAR01_03_15-11-17,240,15.49193338,48,0.943140404,NA
HAR01_03_15-11-17,360,18.97366596,42,1.320396565,NA
HAR01_04_15-11-17,0,0,76,0,NA
HAR01_04_15-11-17,120,10.95445115,71,0.314380135,NA
HAR01_04_15-11-17,240,15.49193338,66.5,0.597322256,NA
HAR01_04_15-11-17,360,18.97366596,61.5,0.91170239,NA
HAR01_04_15-11-17,480,21.9089023,56,1.257520538,NA
HAR01_05_15-11-17,0,0,63.5,0,NA
HAR01_05_15-11-17,120,10.95445115,52,0.723074309,NA
HAR01_05_15-11-17,240,15.49193338,39,1.540462659,NA
HAR01_05_15-11-17,360,18.97366596,23,2.546479089,NA
MED01_01_15-12-15,0,0,81,0,NA
MED01_01_15-12-15,120,10.95445115,78,0.188628081,NA
MED01_01_15-12-15,240,15.49193338,75,0.377256161,NA
MED01_01_15-12-15,360,18.97366596,74,0.440132188,NA
MED01_01_15-12-15,480,21.9089023,72,0.565884242,NA
MED01_01_15-12-15,600,24.49489743,70,0.691636296,NA
MED01_01_15-12-15,720,26.83281573,68,0.81738835,NA
MED01_01_15-12-15,840,28.98275349,67,0.880264377,NA
MED01_01_15-12-15,960,30.98386677,65,1.00601643,NA
MED01_01_15-12-15,1080,32.86335345,64,1.068892457,NA
MED01_02_15-12-15,0,0,56,0,NA
MED01_02_15-12-15,120,10.95445115,54,0.125752054,NA
MED01_02_15-12-15,240,15.49193338,52,0.251504108,NA
MED01_02_15-12-15,360,18.97366596,50,0.377256161,NA
MED01_02_15-12-15,480,21.9089023,48,0.503008215,NA
MED01_02_15-12-15,600,24.49489743,46,0.628760269,NA
MED01_02_15-12-15,720,26.83281573,44,0.754512323,NA
MED01_02_15-12-15,840,28.98275349,42,0.880264377,NA
MED01_02_15-12-15,960,30.98386677,40,1.00601643,NA
MED01_03_15-12-15,0,0,73,0,NA
MED01_03_15-12-15,120,10.95445115,70,0.188628081,NA
MED01_03_15-12-15,240,15.49193338,66,0.440132188,NA
MED01_03_15-12-15,360,18.97366596,62,0.691636296,NA
MED01_03_15-12-15,480,21.9089023,58,0.943140404,NA
MED01_03_15-12-15,600,24.49489743,54,1.194644511,NA
MED01_04_15-12-15,0,0,68,0,NA
MED01_04_15-12-15,120,10.95445115,67,0.062876027,NA
MED01_04_15-12-15,240,15.49193338,65,0.188628081,NA
MED01_04_15-12-15,360,18.97366596,64,0.251504108,NA
MED01_04_15-12-15,480,21.9089023,63,0.314380135,NA
MED01_04_15-12-15,600,24.49489743,62,0.377256161,NA
MED01_04_15-12-15,720,26.83281573,61,0.440132188,NA
MED01_04_15-12-15,840,28.98275349,60,0.503008215,NA
MED01_04_15-12-15,960,30.98386677,59,0.565884242,NA
MED01_04_15-12-15,1080,32.86335345,58,0.628760269,NA
MED01_04_15-12-15,1200,34.64101615,57,0.691636296,NA
MED01_04_15-12-15,1320,36.33180425,55,0.81738835,NA
MED01_04_15-12-15,1440,37.94733192,54,0.880264377,NA
MED01_04_15-12-15,1560,39.49683532,53,0.943140404,NA
MED01_04_15-12-15,1680,40.98780306,51,1.068892457,NA
MED01_05_15-12-15,0,0,58,0,NA
MED01_05_15-12-15,120,10.95445115,55,0.188628081,NA
MED01_05_15-12-15,240,15.49193338,53,0.314380135,NA
MED01_05_15-12-15,360,18.97366596,51,0.440132188,NA
MED01_05_15-12-15,480,21.9089023,48,0.628760269,NA
MED01_05_15-12-15,600,24.49489743,46,0.754512323,NA
MED01_05_15-12-15,720,26.83281573,44,0.880264377,NA
MED01_05_15-12-15,840,28.98275349,41,1.068892457,NA
MED02_01_16-02-26,0,0,70,0,NA
MED02_01_16-02-26,120,10.95445115,60,0.628760269,NA
MED02_01_16-02-26,240,15.49193338,51,1.194644511,NA
MED02_01_16-02-26,360,18.97366596,38.5,1.980594847,NA
MED02_01_16-02-26,480,21.9089023,27,2.703669157,NA
MED02_01_16-02-26,600,24.49489743,15,3.45818148,NA
MED02_01_16-02-26,720,26.83281573,2.5,4.244131816,NA
MED02_02_16-02-26,0,0,63,0,NA
MED02_02_16-02-26,120,10.95445115,49.5,0.848826363,NA
MED02_02_16-02-26,240,15.49193338,35,1.760528753,NA
MED02_02_16-02-26,360,18.97366596,20.5,2.672231143,NA
MED02_02_16-02-26,480,21.9089023,7.5,3.489619493,NA
MED02_03_16-02-26,0,0,74,0,NA
MED02_03_16-02-26,120,10.95445115,71,0.188628081,NA
MED02_03_16-02-26,240,15.49193338,69,0.314380135,NA
MED02_03_16-02-26,360,18.97366596,65,0.565884242,NA
MED02_03_16-02-26,480,21.9089023,62,0.754512323,NA
MED02_03_16-02-26,600,24.49489743,58,1.00601643,NA
MED02_03_16-02-26,720,26.83281573,54,1.257520538,NA
MED02_04_16-02-26,0,0,50,0,NA
MED02_04_16-02-26,120,10.95445115,46,0.251504108,NA
MED02_04_16-02-26,240,15.49193338,42,0.503008215,NA
MED02_04_16-02-26,360,18.97366596,37,0.81738835,NA
MED02_04_16-02-26,480,21.9089023,29,1.320396565,NA
MED02_04_16-02-26,600,24.49489743,21,1.82340478,NA
MED02_05_16-02-26,0,0,74,0,NA
MED02_05_16-02-26,120,10.95445115,70,0.251504108,NA
MED02_05_16-02-26,240,15.49193338,68,0.377256161,NA
MED02_05_16-02-26,360,18.97366596,66,0.503008215,NA
MED02_05_16-02-26,480,21.9089023,64,0.628760269,NA
MED02_05_16-02-26,600,24.49489743,62,0.754512323,NA
MED02_05_16-02-26,720,26.83281573,59,0.943140404,NA
MED02_05_16-02-26,840,28.98275349,56,1.131768484,NA
MIX01_01_16-02-05,0,0,70,0,NA
MIX01_01_16-02-05,120,10.95445115,57,0.81738835,NA
MIX01_01_16-02-05,240,15.49193338,46,1.509024646,NA
MIX01_01_16-02-05,360,18.97366596,33,2.326412995,NA
MIX01_01_16-02-05,480,21.9089023,20,3.143801345,NA
MIX01_01_16-02-05,600,24.49489743,6,4.024065722,NA
MIX01_02_16-02-05,0,0,69,0.062876027 should be zero,NA
MIX01_02_16-02-05,120,10.95445115,62,0.503008215,NA
MIX01_02_16-02-05,240,15.49193338,57,0.81738835,NA
MIX01_02_16-02-05,360,18.97366596,52,1.131768484,NA
MIX01_02_16-02-05,480,21.9089023,48,1.383272592,NA
MIX01_02_16-02-05,600,24.49489743,44,1.634776699,NA
MIX01_02_16-02-05,720,26.83281573,39,1.949156834,NA
MIX01_03_16-02-05,0,0,71,0,NA
MIX01_03_16-02-05,120,10.95445115,56,0.943140404,NA
MIX01_03_16-02-05,240,15.49193338,38,2.074908888,NA
MIX01_03_16-02-05,360,18.97366596,15,3.521057506,NA
MIX01_03_16-02-05,480,21.9089023,0,4.46419791,NA
MIX01_04_16-02-05,0,0,75,0,NA
MIX01_04_16-02-05,120,10.95445115,68,0.440132188,NA
MIX01_04_16-02-05,240,15.49193338,62,0.81738835,NA
MIX01_04_16-02-05,360,18.97366596,55,1.257520538,NA
MIX01_04_16-02-05,480,21.9089023,48,1.697652726,NA
MIX01_04_16-02-05,600,24.49489743,41,2.137784915,NA
MIX01_04_16-02-05,720,26.83281573,34,2.577917103,NA
MIX01_05_16-02-05,0,0,74,0,NA
MIX01_05_16-02-05,120,10.95445115,67,0.440132188,NA
MIX01_05_16-02-05,240,15.49193338,58,1.00601643,NA
MIX01_05_16-02-05,360,18.97366596,49,1.571900673,NA
MIX01_05_16-02-05,480,21.9089023,42,2.012032861,NA
MIX01_05_16-02-05,600,24.49489743,37,2.326412995,NA
MIX01_05_16-02-05,720,26.83281573,30,2.766545184,NA
MIX03_01_16-04-01,0,0,66,0,NA
MIX03_01_16-04-01,120,10.95445115,63,0.188628081,NA
MIX03_01_16-04-01,240,15.49193338,57,0.565884242,NA
MIX03_01_16-04-01,360,18.97366596,45,1.320396565,NA
MIX03_01_16-04-01,480,21.9089023,32,2.137784915,NA
MIX03_02_16-04-01,0,0,68,0,NA
MIX03_02_16-04-01,120,10.95445115,65.5,0.157190067,NA
MIX03_02_16-04-01,240,15.49193338,64,0.251504108,NA
MIX03_02_16-04-01,360,18.97366596,63,0.314380135,NA
MIX03_02_16-04-01,480,21.9089023,62,0.377256161,NA
MIX03_02_16-04-01,600,24.49489743,61,0.440132188,NA
MIX03_02_16-04-01,720,26.83281573,60,0.503008215,NA
MIX03_02_16-04-01,840,28.98275349,59,0.565884242,NA
MIX03_02_16-04-01,960,30.98386677,58,0.628760269,NA
MIX03_02_16-04-01,1080,32.86335345,57,0.691636296,NA
MIX03_02_16-04-01,1200,34.64101615,56,0.754512323,NA
MIX03_02_16-04-01,1320,36.33180425,55,0.81738835,NA
MIX03_02_16-04-01,1440,37.94733192,54,0.880264377,NA
MIX03_03_16-04-01,0,0,72,0,NA
MIX03_03_16-04-01,120,10.95445115,71,0.062876027,NA
MIX03_03_16-04-01,240,15.49193338,70,0.125752054,NA
MIX03_03_16-04-01,360,18.97366596,69,0.188628081,NA
MIX03_03_16-04-01,480,21.9089023,68,0.251504108,NA
MIX03_03_16-04-01,600,24.49489743,67,0.314380135,NA
MIX03_03_16-04-01,720,26.83281573,66,0.377256161,NA
MIX03_03_16-04-01,840,28.98275349,65,0.440132188,NA
MIX03_03_16-04-01,960,30.98386677,64,0.503008215,NA
MIX03_03_16-04-01,1080,32.86335345,63,0.565884242,NA
MIX03_03_16-04-01,1200,34.64101615,62,0.628760269,NA
MIX03_03_16-04-01,1320,36.33180425,61,0.691636296,NA
MIX03_03_16-04-01,1440,37.94733192,60,0.754512323,NA
MIX03_03_16-04-01,1560,39.49683532,59,0.81738835,NA
MIX03_04_16-04-01,0,0,80,0,NA
MIX03_04_16-04-01,120,10.95445115,76,0.251504108,NA
MIX03_04_16-04-01,240,15.49193338,73,0.440132188,NA
MIX03_04_16-04-01,360,18.97366596,69,0.691636296,NA
MIX03_04_16-04-01,480,21.9089023,64,1.00601643,NA
MIX03_04_16-04-01,600,24.49489743,60,1.257520538,NA
MIX03_05_16-04-01,0,0,55,0,NA
MIX03_05_16-04-01,120,10.95445115,51,0.251504108,NA
MIX03_05_16-04-01,240,15.49193338,46,0.565884242,NA
MIX03_05_16-04-01,360,18.97366596,40,0.943140404,NA
MIX03_05_16-04-01,480,21.9089023,33,1.383272592,NA
MIX05_01_16-04-08,0,0,63,0,NA
MIX05_01_16-04-08,120,10.95445115,62,0.062876027,NA
MIX05_01_16-04-08,240,15.49193338,61.5,0.09431404,NA
MIX05_01_16-04-08,360,18.97366596,61,0.125752054,NA
MIX05_01_16-04-08,480,21.9089023,60.5,0.157190067,NA
MIX05_01_16-04-08,600,24.49489743,60,0.188628081,NA
MIX05_01_16-04-08,720,26.83281573,60,0.188628081,NA
MIX05_01_16-04-08,840,28.98275349,60,0.188628081,NA
MIX05_01_16-04-08,960,30.98386677,59.5,0.220066094,NA
MIX05_01_16-04-08,1080,32.86335345,59,0.251504108,NA
MIX05_01_16-04-08,1200,34.64101615,59,0.251504108,NA
MIX05_01_16-04-08,1320,36.33180425,58.5,0.282942121,NA
MIX05_02_16-04-08,0,0,77,0,NA
MIX05_02_16-04-08,120,10.95445115,76,0.062876027,NA
MIX05_02_16-04-08,240,15.49193338,75.5,0.09431404,NA
MIX05_02_16-04-08,360,18.97366596,75,0.125752054,NA
MIX05_02_16-04-08,480,21.9089023,75,0.125752054,NA
MIX05_02_16-04-08,600,24.49489743,74.5,0.157190067,NA
MIX05_02_16-04-08,720,26.83281573,74,0.188628081,NA
MIX05_02_16-04-08,840,28.98275349,73.5,0.220066094,NA
MIX05_02_16-04-08,960,30.98386677,73,0.251504108,NA
MIX05_02_16-04-08,1080,32.86335345,72.5,0.282942121,NA
MIX05_02_16-04-08,1200,34.64101615,72,0.314380135,NA
MIX05_02_16-04-08,1320,36.33180425,71.5,0.345818148,NA
MIX05_03_16-04-08,0,0,68,0,NA
MIX05_03_16-04-08,120,10.95445115,66.5,0.09431404,NA
MIX05_03_16-04-08,240,15.49193338,66,0.125752054,NA
MIX05_03_16-04-08,360,18.97366596,65,0.188628081,NA
MIX05_03_16-04-08,480,21.9089023,64.5,0.220066094,NA
MIX05_03_16-04-08,600,24.49489743,64,0.251504108,NA
MIX05_03_16-04-08,720,26.83281573,64,0.251504108,NA
MIX05_03_16-04-08,840,28.98275349,63.5,0.282942121,NA
MIX05_03_16-04-08,960,30.98386677,63,0.314380135,NA
MIX05_03_16-04-08,1080,32.86335345,62.5,0.345818148,NA
MIX05_03_16-04-08,1200,34.64101615,62,0.377256161,NA
MIX05_03_16-04-08,1320,36.33180425,61.5,0.408694175,NA
MIX05_04_16-04-08,0,0,59,0,NA
MIX05_04_16-04-08,120,10.95445115,57,0.125752054,NA
MIX05_04_16-04-08,240,15.49193338,55.5,0.220066094,NA
MIX05_04_16-04-08,360,18.97366596,54,0.314380135,NA
MIX05_04_16-04-08,480,21.9089023,53,0.377256161,NA
MIX05_04_16-04-08,600,24.49489743,51.5,0.471570202,NA
MIX05_04_16-04-08,720,26.83281573,50,0.565884242,NA
MIX05_04_16-04-08,840,28.98275349,49,0.628760269,NA
MIX05_04_16-04-08,960,30.98386677,48,0.691636296,NA
MIX05_04_16-04-08,1080,32.86335345,47,0.754512323,NA
MIX05_04_16-04-08,1200,34.64101615,46,0.81738835,NA
MIX05_04_16-04-08,1320,36.33180425,45,0.880264377,NA
MIX05_05_16-04-08,0,0,76.5,0,NA
MIX05_05_16-04-08,120,10.95445115,76,0.031438013,NA
MIX05_05_16-04-08,240,15.49193338,75,0.09431404,NA
MIX05_05_16-04-08,360,18.97366596,74.5,0.125752054,NA
MIX05_05_16-04-08,480,21.9089023,74,0.157190067,NA
MIX05_05_16-04-08,600,24.49489743,74,0.157190067,NA
MIX05_05_16-04-08,720,26.83281573,73.5,0.188628081,NA
MIX05_05_16-04-08,840,28.98275349,73,0.220066094,NA
MIX05_05_16-04-08,960,30.98386677,73,0.220066094,NA
MIX05_05_16-04-08,1080,32.86335345,72.5,0.251504108,NA
MIX05_05_16-04-08,1200,34.64101615,72,0.282942121,NA
MIX05_05_16-04-08,1320,36.33180425,71.5,0.314380135,NA
NAT01_02_15-10-29,0,0,64,0,Check point numbers on data sheet
NAT01_02_15-10-29,120,10.95445115,60,0.251504108,Check point numbers on data sheet
NAT01_02_15-10-29,240,15.49193338,52,0.754512323,Check point numbers on data sheet
NAT01_02_15-10-29,360,18.97366596,48,1.00601643,Check point numbers on data sheet
NAT01_02_15-10-29,480,21.9089023,44,1.257520538,Check point numbers on data sheet
NAT01_02_15-10-29,600,24.49489743,36,1.760528753,Check point numbers on data sheet
NAT01_02_15-10-29,720,26.83281573,30,2.137784915,Check point numbers on data sheet
NAT01_02_15-10-29,840,28.98275349,26,2.389289022,Check point numbers on data sheet
NAT01_02_15-10-29,960,30.98386677,23,2.577917103,Check point numbers on data sheet
NAT01_02_15-10-29,1080,32.86335345,15,3.080925318,Check point numbers on data sheet
NAT01_03_15-10-29,0,0,69,0,Check point numbers on data sheet
NAT01_03_15-10-29,120,10.95445115,68,0.062876027,Check point numbers on data sheet
NAT01_03_15-10-29,240,15.49193338,67,0.125752054,Check point numbers on data sheet
NAT01_03_15-10-29,360,18.97366596,66,0.188628081,Check point numbers on data sheet
NAT01_03_15-10-29,480,21.9089023,65,0.251504108,Check point numbers on data sheet
NAT01_03_15-10-29,600,24.49489743,63,0.377256161,Check point numbers on data sheet
NAT01_03_15-10-29,720,26.83281573,61,0.503008215,Check point numbers on data sheet
NAT01_03_15-10-29,840,28.98275349,59,0.628760269,Check point numbers on data sheet
NAT01_03_15-10-29,960,30.98386677,56,0.81738835,Check point numbers on data sheet
NAT01_03_15-10-29,1080,32.86335345,53.5,0.974578417,Check point numbers on data sheet
NAT01_03_15-10-29,1200,34.64101615,50,1.194644511,Check point numbers on data sheet
NAT01_04_15-10-29,0,0,71,0,Check point numbers on data sheet
NAT01_04_15-10-29,120,10.95445115,69,0.125752054,Check point numbers on data sheet
NAT01_04_15-10-29,240,15.49193338,66,0.314380135,Check point numbers on data sheet
NAT01_04_15-10-29,360,18.97366596,64,0.440132188,Check point numbers on data sheet
NAT01_04_15-10-29,480,21.9089023,62,0.565884242,Check point numbers on data sheet
NAT01_04_15-10-29,600,24.49489743,60,0.691636296,Check point numbers on data sheet
NAT01_04_15-10-29,720,26.83281573,58,0.81738835,Check point numbers on data sheet
NAT01_04_15-10-29,840,28.98275349,57,0.880264377,Check point numbers on data sheet
NAT01_04_15-10-29,960,30.98386677,55,1.00601643,Check point numbers on data sheet
NAT01_04_15-10-29,1080,32.86335345,54,1.068892457,Check point numbers on data sheet
NAT01_05_15-10-29,0,0,75,0,Check point numbers on data sheet
NAT01_05_15-10-29,120,10.95445115,72,0.188628081,Check point numbers on data sheet
NAT01_05_15-10-29,240,15.49193338,70,0.314380135,Check point numbers on data sheet
NAT01_05_15-10-29,360,18.97366596,69,0.377256161,Check point numbers on data sheet
NAT01_05_15-10-29,480,21.9089023,67,0.503008215,Check point numbers on data sheet
NAT01_05_15-10-29,600,24.49489743,64,0.691636296,Check point numbers on data sheet
NAT01_05_15-10-29,720,26.83281573,62,0.81738835,Check point numbers on data sheet
NAT01_05_15-10-29,840,28.98275349,59,1.00601643,Check point numbers on data sheet
NAT01_05_15-10-29,960,30.98386677,56,1.194644511,Check point numbers on data sheet
NAT01_05_15-10-29,1080,32.86335345,53,1.383272592,Check point numbers on data sheet
NAT01_05_15-10-29,1200,34.64101615,50,1.571900673,Check point numbers on data sheet
NAT01_06_15-10-29,0,0,51,0,Check point numbers on data sheet
NAT01_06_15-10-29,120,10.95445115,48,0.188628081,Check point numbers on data sheet
NAT01_06_15-10-29,240,15.49193338,45,0.377256161,Check point numbers on data sheet
NAT01_06_15-10-29,360,18.97366596,43,0.503008215,Check point numbers on data sheet
NAT01_06_15-10-29,480,21.9089023,41,0.628760269,Check point numbers on data sheet
NAT01_06_15-10-29,600,24.49489743,39,0.754512323,Check point numbers on data sheet
NAT01_06_15-10-29,720,26.83281573,37,0.880264377,Check point numbers on data sheet
NAT01_06_15-10-29,840,28.98275349,35,1.00601643,Check point numbers on data sheet
NAT01_06_15-10-29,960,30.98386677,33,1.131768484,Check point numbers on data sheet
NAT01_06_15-10-29,1080,32.86335345,30,1.320396565,Check point numbers on data sheet
NAT02 _01_16-02-13,0,0,72,0,NA
NAT02 _01_16-02-13,120,10.95445115,67,0.314380135,NA
NAT02 _01_16-02-13,240,15.49193338,61,0.691636296,NA
NAT02 _01_16-02-13,360,18.97366596,55,1.068892457,NA
NAT02 _01_16-02-13,480,21.9089023,49,1.446148619,NA
NAT02 _02_16-02-13,0,0,67,0,NA
NAT02 _02_16-02-13,120,10.95445115,65,0.125752054,NA
NAT02 _02_16-02-13,240,15.49193338,63,0.251504108,NA
NAT02 _02_16-02-13,360,18.97366596,61,0.377256161,NA
NAT02 _02_16-02-13,480,21.9089023,59,0.503008215,NA
NAT02 _02_16-02-13,600,24.49489743,56.5,0.660198282,NA
NAT02 _02_16-02-13,720,26.83281573,54,0.81738835,NA
NAT02 _02_16-02-13,840,28.98275349,52,0.943140404,NA
NAT02 _03_16-02-13,0,0,72,0,NA
NAT02 _03_16-02-13,120,10.95445115,68,0.251504108,NA
NAT02 _03_16-02-13,240,15.49193338,62,0.628760269,NA
NAT02 _03_16-02-13,360,18.97366596,54,1.131768484,NA
NAT02 _03_16-02-13,480,21.9089023,46,1.634776699,NA
NAT02 _04_16-02-13,0,0,69,0,NA
NAT02 _04_16-02-13,120,10.95445115,67,0.125752054,NA
NAT02 _04_16-02-13,240,15.49193338,65,0.251504108,NA
NAT02 _04_16-02-13,360,18.97366596,64,0.314380135,NA
NAT02 _04_16-02-13,480,21.9089023,63,0.377256161,NA
NAT02 _04_16-02-13,600,24.49489743,61.5,0.471570202,NA
NAT02 _04_16-02-13,720,26.83281573,61,0.503008215,NA
NAT02 _04_16-02-13,840,28.98275349,59,0.628760269,NA
NAT02 _04_16-02-13,960,30.98386677,58,0.691636296,NA
NAT02 _04_16-02-13,1080,32.86335345,56,0.81738835,NA
NAT02 _04_16-02-13,1200,34.64101615,55,0.880264377,NA
NAT02 _04_16-02-13,1320,36.33180425,53.5,0.974578417,NA
NAT02 _05_16-02-13,0,0,52,0,NA
NAT02 _05_16-02-13,120,10.95445115,49,0.188628081,NA
NAT02 _05_16-02-13,240,15.49193338,45,0.440132188,NA
NAT02 _05_16-02-13,360,18.97366596,40,0.754512323,NA
NAT02 _05_16-02-13,480,21.9089023,33,1.194644511,NA
