Site Location Code ,Sample Point #,Sampler(s),Date ,site Description ,Catenal Possition ,Suction Rate (cm)  ,Time(s),Sqrt (t),Volume (mL),Infilt (cm) ,Radius (cm/s) ,Data enterer ,Date entered ,loss of volume by time. (ml/s),Sample point Average volume loss per second (ml/s) , Location Average volume loss by time 
MED02,1,MG/TR,2/26/2016,Not recently grazed. Medusahead ,midslope ,-1,0,0,70,0,2.25,df,2/9/2017,,0.09375,0.055827381
MED02,1,MG/TR,2/26/2016,,midslope ,-1,120,10.95445115,60,0.628760269,2.25,df,2/9/2017,0.083333333,,
MED02,1,MG/TR,2/26/2016,,midslope ,-1,240,15.49193338,51,1.194644511,2.25,df,2/9/2017,0.075,,
MED02,1,MG/TR,2/26/2016,,midslope ,-1,360,18.97366596,38.5,1.980594847,2.25,df,2/9/2017,0.104166667,,
MED02,1,MG/TR,2/26/2016,,midslope ,-1,480,21.9089023,27,2.703669157,2.25,df,2/9/2017,0.095833333,,
MED02,1,MG/TR,2/26/2016,,midslope ,-1,600,24.49489743,15,3.45818148,2.25,df,2/9/2017,0.1,,
MED02,1,MG/TR,2/26/2016,,midslope ,-1,720,26.83281573,2.5,4.244131816,2.25,df,2/9/2017,0.104166667,,
MED02,2,MG/TR,2/26/2016,,midslope ,-1,0,0,63,0,2.25,df,2/9/2017,,0.115625,
MED02,2,MG/TR,2/26/2016,,midslope ,-1,120,10.95445115,49.5,0.848826363,2.25,df,2/9/2017,0.1125,,
MED02,2,MG/TR,2/26/2016,,midslope ,-1,240,15.49193338,35,1.760528753,2.25,df,2/9/2017,0.120833333,,
MED02,2,MG/TR,2/26/2016,,midslope ,-1,360,18.97366596,20.5,2.672231143,2.25,df,2/9/2017,0.120833333,,
MED02,2,MG/TR,2/26/2016,,midslope ,-1,480,21.9089023,7.5,3.489619493,2.25,df,2/9/2017,0.108333333,,
MED02,2,MG/TR,2/26/2016,,midslope ,-1,600,24.49489743,*,#VALUE!,2.25,df,2/9/2017,#VALUE!,,
MED02,3,MG/TR,2/26/2016,,midslope ,-1,0,0,74,0,2.25,df,2/9/2017,,0.027777778,
MED02,3,MG/TR,2/26/2016,,midslope ,-1,120,10.95445115,71,0.188628081,2.25,df,2/9/2017,0.025,,
MED02,3,MG/TR,2/26/2016,,midslope ,-1,240,15.49193338,69,0.314380135,2.25,df,2/9/2017,0.016666667,,
MED02,3,MG/TR,2/26/2016,,midslope ,-1,360,18.97366596,65,0.565884242,2.25,df,2/9/2017,0.033333333,,
MED02,3,MG/TR,2/26/2016,,midslope ,-1,480,21.9089023,62,0.754512323,2.25,df,2/9/2017,0.025,,
MED02,3,MG/TR,2/26/2016,,midslope ,-1,600,24.49489743,58,1.00601643,2.25,df,2/9/2017,0.033333333,,
MED02,3,MG/TR,2/26/2016,,midslope ,-1,720,26.83281573,54,1.257520538,2.25,df,2/9/2017,0.033333333,,
MED02,4,MG/TR,2/26/2016,,midslope ,-1,0,0,50,0,2.25,df,2/9/2017,0.033333333,0.048333333,
MED02,4,MG/TR,2/26/2016,,midslope ,-1,120,10.95445115,46,0.251504108,2.25,df,2/9/2017,0.033333333,,
MED02,4,MG/TR,2/26/2016,,midslope ,-1,240,15.49193338,42,0.503008215,2.25,df,2/9/2017,0.033333333,,
MED02,4,MG/TR,2/26/2016,,midslope ,-1,360,18.97366596,37,0.81738835,2.25,df,2/9/2017,0.041666667,,
MED02,4,MG/TR,2/26/2016,,midslope ,-1,480,21.9089023,29,1.320396565,2.25,df,2/9/2017,0.066666667,,
MED02,4,MG/TR,2/26/2016,,midslope ,-1,600,24.49489743,21,1.82340478,2.25,df,2/9/2017,0.066666667,,
MED02,5,MG/TR,2/26/2016,No Clay layer ,midslope ,-1,0,0,74,0,2.25,df,2/9/2017,,0.021428571,
MED02,5,MG/TR,2/26/2016,No Clay layer ,midslope ,-1,120,10.95445115,70,0.251504108,2.25,df,2/9/2017,0.033333333,,
MED02,5,MG/TR,2/26/2016,No Clay layer ,midslope ,-1,240,15.49193338,68,0.377256161,2.25,df,2/9/2017,0.016666667,,
MED02,5,MG/TR,2/26/2016,No Clay layer ,midslope ,-1,360,18.97366596,66,0.503008215,2.25,df,2/9/2017,0.016666667,,
MED02,5,MG/TR,2/26/2016,No Clay layer ,midslope ,-1,480,21.9089023,64,0.628760269,2.25,df,2/9/2017,0.016666667,,
MED02,5,MG/TR,2/26/2016,No Clay layer ,midslope ,-1,600,24.49489743,62,0.754512323,2.25,df,2/9/2017,0.016666667,,
MED02,5,MG/TR,2/26/2016,No Clay layer ,midslope ,-1,720,26.83281573,59,0.943140404,2.25,df,2/9/2017,0.025,,
MED02,5,MG/TR,2/26/2016,No Clay layer ,midslope ,-1,840,28.98275349,56,1.131768484,2.25,df,2/9/2017,0.025,,
MIX01,1,MG/TR,2/5/2016,"Not recently grazed. A lot of Romulea, coyote brush moving in. ",midslope / footslope,-1,0,0,70,0,2.25,df,2/10/2017,,0.106666667,0.082861111
MIX01,1,MG/TR,2/5/2016,,midslope / footslope,-1,120,10.95445115,57,0.81738835,2.25,df,2/10/2017,0.108333333,,
MIX01,1,MG/TR,2/5/2016,,midslope / footslope,-1,240,15.49193338,46,1.509024646,2.25,df,2/10/2017,0.091666667,,
MIX01,1,MG/TR,2/5/2016,,midslope / footslope,-1,360,18.97366596,33,2.326412995,2.25,df,2/10/2017,0.108333333,,
MIX01,1,MG/TR,2/5/2016,,midslope / footslope,-1,480,21.9089023,20,3.143801345,2.25,df,2/10/2017,0.108333333,,
MIX01,1,MG/TR,2/5/2016,,midslope / footslope,-1,600,24.49489743,6,4.024065722,2.25,df,2/10/2017,0.116666667,,
MIX01,2,MG/TR,2/5/2016,,midslope / footslope,-1,0,0,69,0.062876027,2.25,df,2/10/2017,,0.041666667,
MIX01,2,MG/TR,2/5/2016,,midslope / footslope,-1,120,10.95445115,62,0.503008215,2.25,df,2/10/2017,0.058333333,,
MIX01,2,MG/TR,2/5/2016,,midslope / footslope,-1,240,15.49193338,57,0.81738835,2.25,df,2/10/2017,0.041666667,,
MIX01,2,MG/TR,2/5/2016,,midslope / footslope,-1,360,18.97366596,52,1.131768484,2.25,df,2/10/2017,0.041666667,,
MIX01,2,MG/TR,2/5/2016,,midslope / footslope,-1,480,21.9089023,48,1.383272592,2.25,df,2/10/2017,0.033333333,,
MIX01,2,MG/TR,2/5/2016,,midslope / footslope,-1,600,24.49489743,44,1.634776699,2.25,df,2/10/2017,0.033333333,,
MIX01,2,MG/TR,2/5/2016,,midslope / footslope,-1,720,26.83281573,39,1.949156834,2.25,df,2/10/2017,0.041666667,,
MIX01,3,MG/TR,2/5/2016,,midslope / footslope,-1,0,0,71,0,2.25,df,2/10/2017,,0.147916667,
MIX01,3,MG/TR,2/5/2016,,midslope / footslope,-1,120,10.95445115,56,0.943140404,2.25,df,2/10/2017,0.125,,
MIX01,3,MG/TR,2/5/2016,,midslope / footslope,-1,240,15.49193338,38,2.074908888,2.25,df,2/10/2017,0.15,,
MIX01,3,MG/TR,2/5/2016,,midslope / footslope,-1,360,18.97366596,15,3.521057506,2.25,df,2/10/2017,0.191666667,,
MIX01,3,MG/TR,2/5/2016,,midslope / footslope,-1,480,21.9089023,0,4.46419791,2.25,df,2/10/2017,0.125,,
MIX01,4,MG/TR,2/5/2016,,midslope / footslope,-1,0,0,75,0,2.25,df,2/10/2017,,0.056944444,
MIX01,4,MG/TR,2/5/2016,,midslope / footslope,-1,120,10.95445115,68,0.440132188,2.25,df,2/10/2017,0.058333333,,
MIX01,4,MG/TR,2/5/2016,,midslope / footslope,-1,240,15.49193338,62,0.81738835,2.25,df,2/10/2017,0.05,,
MIX01,4,MG/TR,2/5/2016,,midslope / footslope,-1,360,18.97366596,55,1.257520538,2.25,df,2/10/2017,0.058333333,,
MIX01,4,MG/TR,2/5/2016,,midslope / footslope,-1,480,21.9089023,48,1.697652726,2.25,df,2/10/2017,0.058333333,,
MIX01,4,MG/TR,2/5/2016,,midslope / footslope,-1,600,24.49489743,41,2.137784915,2.25,df,2/10/2017,0.058333333,,
MIX01,4,MG/TR,2/5/2016,,midslope / footslope,-1,720,26.83281573,34,2.577917103,2.25,df,2/10/2017,0.058333333,,
MIX01,5,MG/TR,2/5/2016,,midslope / footslope,-1,0,0,74,0,2.25,df,2/10/2017,,0.061111111,
MIX01,5,MG/TR,2/5/2016,,midslope / footslope,-1,120,10.95445115,67,0.440132188,2.25,df,2/10/2017,0.058333333,,
MIX01,5,MG/TR,2/5/2016,,midslope / footslope,-1,240,15.49193338,58,1.00601643,2.25,df,2/10/2017,0.075,,
MIX01,5,MG/TR,2/5/2016,,midslope / footslope,-1,360,18.97366596,49,1.571900673,2.25,df,2/10/2017,0.075,,
MIX01,5,MG/TR,2/5/2016,,midslope / footslope,-1,480,21.9089023,42,2.012032861,2.25,df,2/10/2017,0.058333333,,
MIX01,5,MG/TR,2/5/2016,,midslope / footslope,-1,600,24.49489743,37,2.326412995,2.25,df,2/10/2017,0.041666667,,
MIX01,5,MG/TR,2/5/2016,,midslope / footslope,-1,720,26.83281573,30,2.766545184,2.25,df,2/10/2017,0.058333333,,
Nat02 ,1,MG/WT/SB,2/13/2016,Not recently grazed. Coyote brush moving in. no recent rain but ground is moist ,midslope,-1,0,0,72,0,2.25,df,2/10/2017,,0.047916667,0.02633658
Nat02 ,1,MG/WT/SB,2/13/2016,,midslope,-1,120,10.95445115,67,0.314380135,2.25,df,2/10/2017,0.041666667,,
Nat02 ,1,MG/WT/SB,2/13/2016,,midslope,-1,240,15.49193338,61,0.691636296,2.25,df,2/10/2017,0.05,,
Nat02 ,1,MG/WT/SB,2/13/2016,,midslope,-1,360,18.97366596,55,1.068892457,2.25,df,2/10/2017,0.05,,
Nat02 ,1,MG/WT/SB,2/13/2016,,midslope,-1,480,21.9089023,49,1.446148619,2.25,df,2/10/2017,0.05,,
Nat02 ,2,MG/WT/SB,2/13/2016,,midslope,-1,0,0,67,0,2.25,df,2/10/2017,,0.017857143,
Nat02 ,2,MG/WT/SB,2/13/2016,,midslope,-1,120,10.95445115,65,0.125752054,2.25,df,2/10/2017,0.016666667,,
Nat02 ,2,MG/WT/SB,2/13/2016,,midslope,-1,240,15.49193338,63,0.251504108,2.25,df,2/10/2017,0.016666667,,
Nat02 ,2,MG/WT/SB,2/13/2016,,midslope,-1,360,18.97366596,61,0.377256161,2.25,df,2/10/2017,0.016666667,,
Nat02 ,2,MG/WT/SB,2/13/2016,,midslope,-1,480,21.9089023,59,0.503008215,2.25,df,2/10/2017,0.016666667,,
Nat02 ,2,MG/WT/SB,2/13/2016,,midslope,-1,600,24.49489743,56.5,0.660198282,2.25,df,2/10/2017,0.020833333,,
Nat02 ,2,MG/WT/SB,2/13/2016,,midslope,-1,720,26.83281573,54,0.81738835,2.25,df,2/10/2017,0.020833333,,
Nat02 ,2,MG/WT/SB,2/13/2016,,midslope,-1,840,28.98275349,52,0.943140404,2.25,df,2/10/2017,0.016666667,,
Nat02 ,3,MG/WT/SB,2/13/2016,,midslope,-1,0,0,72,0,2.25,df,2/10/2017,0,0.054166667,
Nat02 ,3,MG/WT/SB,2/13/2016,,midslope,-1,120,10.95445115,68,0.251504108,2.25,df,2/10/2017,0.033333333,,
Nat02 ,3,MG/WT/SB,2/13/2016,,midslope,-1,240,15.49193338,62,0.628760269,2.25,df,2/10/2017,0.05,,
Nat02 ,3,MG/WT/SB,2/13/2016,,midslope,-1,360,18.97366596,54,1.131768484,2.25,df,2/10/2017,0.066666667,,
Nat02 ,3,MG/WT/SB,2/13/2016,,midslope,-1,480,21.9089023,46,1.634776699,2.25,df,2/10/2017,0.066666667,,
Nat02 ,4,MG/WT/SB,2/13/2016,,midslope,-1,0,0,69,0,2.25,df,2/10/2017,,0.011742424,
Nat02 ,4,MG/WT/SB,2/13/2016,,midslope,-1,120,10.95445115,67,0.125752054,2.25,df,2/10/2017,0.016666667,,
Nat02 ,4,MG/WT/SB,2/13/2016,,midslope,-1,240,15.49193338,65,0.251504108,2.25,df,2/10/2017,0.016666667,,
Nat02 ,4,MG/WT/SB,2/13/2016,,midslope,-1,360,18.97366596,64,0.314380135,2.25,df,2/10/2017,0.008333333,,
Nat02 ,4,MG/WT/SB,2/13/2016,,midslope,-1,480,21.9089023,63,0.377256161,2.25,df,2/10/2017,0.008333333,,
Nat02 ,4,MG/WT/SB,2/13/2016,,midslope,-1,600,24.49489743,61.5,0.471570202,2.25,df,2/10/2017,0.0125,,
Nat02 ,4,MG/WT/SB,2/13/2016,,midslope,-1,720,26.83281573,61,0.503008215,2.25,df,2/10/2017,0.004166667,,
Nat02 ,4,MG/WT/SB,2/13/2016,,midslope,-1,840,28.98275349,59,0.628760269,2.25,df,2/10/2017,0.016666667,,
Nat02 ,4,MG/WT/SB,2/13/2016,,midslope,-1,960,30.98386677,58,0.691636296,2.25,df,2/10/2017,0.008333333,,
Nat02 ,4,MG/WT/SB,2/13/2016,,midslope,-1,1080,32.86335345,56,0.81738835,2.25,df,2/10/2017,0.016666667,,
Nat02 ,4,MG/WT/SB,2/13/2016,,midslope,-1,1200,34.64101615,55,0.880264377,2.25,df,2/10/2017,0.008333333,,
Nat02 ,4,MG/WT/SB,2/13/2016,,midslope,-1,1320,36.33180425,53.5,0.974578417,2.25,df,2/10/2017,0.0125,,
Nat02 ,5,MG/WT/SB,2/13/2016,,midslope,-1,0,0,52,0,2.25,df,2/10/2017,,0.039583333,
Nat02 ,5,MG/WT/SB,2/13/2016,,midslope,-1,120,10.95445115,49,0.188628081,2.25,df,2/10/2017,0.025,,
Nat02 ,5,MG/WT/SB,2/13/2016,,midslope,-1,240,15.49193338,45,0.440132188,2.25,df,2/10/2017,0.033333333,,
Nat02 ,5,MG/WT/SB,2/13/2016,,midslope,-1,360,18.97366596,40,0.754512323,2.25,df,2/10/2017,0.041666667,,
Nat02 ,5,MG/WT/SB,2/13/2016,,midslope,-1,480,21.9089023,33,1.194644511,2.25,df,2/10/2017,0.058333333,,
Mix05,1,TR/WH,4/8/2016,"rocky grassland, mixed grasses and wildflowers, not recently grazed ",midslope,-1,0,0,63,0,2.25,df,2/10/2017,,0.003409091,0.005378788
Mix05,1,TR/WH,4/8/2016,,midslope,-1,120,10.95445115,62,0.062876027,2.25,df,2/10/2017,0.008333333,,
Mix05,1,TR/WH,4/8/2016,,midslope,-1,240,15.49193338,61.5,0.09431404,2.25,df,2/10/2017,0.004166667,,
Mix05,1,TR/WH,4/8/2016,,midslope,-1,360,18.97366596,61,0.125752054,2.25,df,2/10/2017,0.004166667,,
Mix05,1,TR/WH,4/8/2016,,midslope,-1,480,21.9089023,60.5,0.157190067,2.25,df,2/10/2017,0.004166667,,
Mix05,1,TR/WH,4/8/2016,,midslope,-1,600,24.49489743,60,0.188628081,2.25,df,2/10/2017,0.004166667,,
Mix05,1,TR/WH,4/8/2016,,midslope,-1,720,26.83281573,60,0.188628081,2.25,df,2/10/2017,0,,
Mix05,1,TR/WH,4/8/2016,,midslope,-1,840,28.98275349,60,0.188628081,2.25,df,2/10/2017,0,,
Mix05,1,TR/WH,4/8/2016,,midslope,-1,960,30.98386677,59.5,0.220066094,2.25,df,2/10/2017,0.004166667,,
Mix05,1,TR/WH,4/8/2016,,midslope,-1,1080,32.86335345,59,0.251504108,2.25,df,2/10/2017,0.004166667,,
Mix05,1,TR/WH,4/8/2016,,midslope,-1,1200,34.64101615,59,0.251504108,2.25,df,2/10/2017,0,,
Mix05,1,TR/WH,4/8/2016,,midslope,-1,1320,36.33180425,58.5,0.282942121,2.25,df,2/10/2017,0.004166667,,
Mix05,2,TR/WH,4/8/2016,,midslope,-1,0,0,77,0,2.25,df,2/10/2017,,0.004166667,
Mix05,2,TR/WH,4/8/2016,,midslope,-1,120,10.95445115,76,0.062876027,2.25,df,2/10/2017,0.008333333,,
Mix05,2,TR/WH,4/8/2016,,midslope,-1,240,15.49193338,75.5,0.09431404,2.25,df,2/10/2017,0.004166667,,
Mix05,2,TR/WH,4/8/2016,,midslope,-1,360,18.97366596,75,0.125752054,2.25,df,2/10/2017,0.004166667,,
Mix05,2,TR/WH,4/8/2016,,midslope,-1,480,21.9089023,75,0.125752054,2.25,df,2/10/2017,0.016666667,,
Mix05,2,TR/WH,4/8/2016,,midslope,-1,600,24.49489743,74.5,0.157190067,2.25,df,2/10/2017,0.004166667,,
Mix05,2,TR/WH,4/8/2016,,midslope,-1,720,26.83281573,74,0.188628081,2.25,df,2/10/2017,0.004166667,,
Mix05,2,TR/WH,4/8/2016,,midslope,-1,840,28.98275349,73.5,0.220066094,2.25,df,2/10/2017,0.004166667,,
Mix05,2,TR/WH,4/8/2016,,midslope,-1,960,30.98386677,73,0.251504108,2.25,df,2/10/2017,0.004166667,,
Mix05,2,TR/WH,4/8/2016,,midslope,-1,1080,32.86335345,72.5,0.282942121,2.25,df,2/10/2017,0.004166667,,
Mix05,2,TR/WH,4/8/2016,,midslope,-1,1200,34.64101615,72,0.314380135,2.25,df,2/10/2017,0.004166667,,
Mix05,2,TR/WH,4/8/2016,,midslope,-1,1320,36.33180425,71.5,0.345818148,2.25,df,2/10/2017,0.004166667,,
Mix05,3,TR/WH,4/8/2016,,midslope,-1,0,0,68,0,2.25,df,2/10/2017,,0.004924242,
Mix05,3,TR/WH,4/8/2016,,midslope,-1,120,10.95445115,66.5,0.09431404,2.25,df,2/10/2017,0.0125,,
Mix05,3,TR/WH,4/8/2016,,midslope,-1,240,15.49193338,66,0.125752054,2.25,df,2/10/2017,0.004166667,,
Mix05,3,TR/WH,4/8/2016,,midslope,-1,360,18.97366596,65,0.188628081,2.25,df,2/10/2017,0.008333333,,
Mix05,3,TR/WH,4/8/2016,,midslope,-1,480,21.9089023,64.5,0.220066094,2.25,df,2/10/2017,0.004166667,,
Mix05,3,TR/WH,4/8/2016,,midslope,-1,600,24.49489743,64,0.251504108,2.25,df,2/10/2017,0.004166667,,
Mix05,3,TR/WH,4/8/2016,,midslope,-1,720,26.83281573,64,0.251504108,2.25,df,2/10/2017,0.033333333,,
Mix05,3,TR/WH,4/8/2016,,midslope,-1,840,28.98275349,63.5,0.282942121,2.25,df,2/10/2017,0.004166667,,
Mix05,3,TR/WH,4/8/2016,,midslope,-1,960,30.98386677,63,0.314380135,2.25,df,2/10/2017,0.004166667,,
Mix05,3,TR/WH,4/8/2016,,midslope,-1,1080,32.86335345,62.5,0.345818148,2.25,df,2/10/2017,0.004166667,,
Mix05,3,TR/WH,4/8/2016,,midslope,-1,1200,34.64101615,62,0.377256161,2.25,df,2/10/2017,0.004166667,,
Mix05,3,TR/WH,4/8/2016,,midslope,-1,1320,36.33180425,61.5,0.408694175,2.25,df,2/10/2017,0.004166667,,
Mix05,4,TR/WH,4/8/2016,,midslope,-1,0,0,59,0,2.25,df,2/10/2017,,0.010606061,
Mix05,4,TR/WH,4/8/2016,,midslope,-1,120,10.95445115,57,0.125752054,2.25,df,2/10/2017,0.016666667,,
Mix05,4,TR/WH,4/8/2016,,midslope,-1,240,15.49193338,55.5,0.220066094,2.25,df,2/10/2017,0.0125,,
Mix05,4,TR/WH,4/8/2016,,midslope,-1,360,18.97366596,54,0.314380135,2.25,df,2/10/2017,0.0125,,
Mix05,4,TR/WH,4/8/2016,,midslope,-1,480,21.9089023,53,0.377256161,2.25,df,2/10/2017,0.008333333,,
Mix05,4,TR/WH,4/8/2016,,midslope,-1,600,24.49489743,51.5,0.471570202,2.25,df,2/10/2017,0.0125,,
Mix05,4,TR/WH,4/8/2016,,midslope,-1,720,26.83281573,50,0.565884242,2.25,df,2/10/2017,0.0125,,
Mix05,4,TR/WH,4/8/2016,,midslope,-1,840,28.98275349,49,0.628760269,2.25,df,2/10/2017,0.008333333,,
Mix05,4,TR/WH,4/8/2016,,midslope,-1,960,30.98386677,48,0.691636296,2.25,df,2/10/2017,0.008333333,,
Mix05,4,TR/WH,4/8/2016,,midslope,-1,1080,32.86335345,47,0.754512323,2.25,df,2/10/2017,0.008333333,,
Mix05,4,TR/WH,4/8/2016,,midslope,-1,1200,34.64101615,46,0.81738835,2.25,df,2/10/2017,0.008333333,,
Mix05,4,TR/WH,4/8/2016,,midslope,-1,1320,36.33180425,45,0.880264377,2.25,df,2/10/2017,0.008333333,,
Mix05,5,TR/WH,4/8/2016,,midslope,-1,0,0,76.5,0,2.25,df,2/10/2017,,0.003787879,
Mix05,5,TR/WH,4/8/2016,,midslope,-1,120,10.95445115,76,0.031438013,2.25,df,2/10/2017,0.004166667,,
Mix05,5,TR/WH,4/8/2016,,midslope,-1,240,15.49193338,75,0.09431404,2.25,df,2/10/2017,0.008333333,,
Mix05,5,TR/WH,4/8/2016,,midslope,-1,360,18.97366596,74.5,0.125752054,2.25,df,2/10/2017,0.004166667,,
Mix05,5,TR/WH,4/8/2016,,midslope,-1,480,21.9089023,74,0.157190067,2.25,df,2/10/2017,0.004166667,,
Mix05,5,TR/WH,4/8/2016,,midslope,-1,600,24.49489743,74,0.157190067,2.25,df,2/10/2017,0,,
Mix05,5,TR/WH,4/8/2016,,midslope,-1,720,26.83281573,73.5,0.188628081,2.25,df,2/10/2017,0.004166667,,
Mix05,5,TR/WH,4/8/2016,,midslope,-1,840,28.98275349,73,0.220066094,2.25,df,2/10/2017,0.004166667,,
Mix05,5,TR/WH,4/8/2016,,midslope,-1,960,30.98386677,73,0.220066094,2.25,df,2/10/2017,0,,
Mix05,5,TR/WH,4/8/2016,,midslope,-1,1080,32.86335345,72.5,0.251504108,2.25,df,2/10/2017,0.004166667,,
Mix05,5,TR/WH,4/8/2016,,midslope,-1,1200,34.64101615,72,0.282942121,2.25,df,2/10/2017,0.004166667,,
Mix05,5,TR/WH,4/8/2016,,midslope,-1,1320,36.33180425,71.5,0.314380135,2.25,df,2/10/2017,0.004166667,,
Mix03,1,EA/WH/MG,4/1/2016,"not recently grazed, lots of flowers ",midslope,-1,0,0,66,0,2.25,df,2/10/2017,,0.070833333,0.03207265
Mix03,1,EA/WH/MG,4/1/2016,,midslope,-1,120,10.95445115,63,0.188628081,2.25,df,2/10/2017,0.025,,
Mix03,1,EA/WH/MG,4/1/2016,,midslope,-1,240,15.49193338,57,0.565884242,2.25,df,2/10/2017,0.05,,
Mix03,1,EA/WH/MG,4/1/2016,,midslope,-1,360,18.97366596,45,1.320396565,2.25,df,2/10/2017,0.1,,
Mix03,1,EA/WH/MG,4/1/2016,,midslope,-1,480,21.9089023,32,2.137784915,2.25,df,2/10/2017,0.108333333,,
Mix03,2,EA/WH/MG,4/1/2016,,midslope,-1,0,0,68,0,2.25,df,2/10/2017,,0.009722222,
Mix03,2,EA/WH/MG,4/1/2016,,midslope,-1,120,10.95445115,65.5,0.157190067,2.25,df,2/10/2017,0.020833333,,
Mix03,2,EA/WH/MG,4/1/2016,,midslope,-1,240,15.49193338,64,0.251504108,2.25,df,2/10/2017,0.0125,,
Mix03,2,EA/WH/MG,4/1/2016,,midslope,-1,360,18.97366596,63,0.314380135,2.25,df,2/10/2017,0.008333333,,
Mix03,2,EA/WH/MG,4/1/2016,,midslope,-1,480,21.9089023,62,0.377256161,2.25,df,2/10/2017,0.008333333,,
Mix03,2,EA/WH/MG,4/1/2016,,midslope,-1,600,24.49489743,61,0.440132188,2.25,df,2/10/2017,0.008333333,,
Mix03,2,EA/WH/MG,4/1/2016,,midslope,-1,720,26.83281573,60,0.503008215,2.25,df,2/10/2017,0.008333333,,
Mix03,2,EA/WH/MG,4/1/2016,,midslope,-1,840,28.98275349,59,0.565884242,2.25,df,2/10/2017,0.008333333,,
Mix03,2,EA/WH/MG,4/1/2016,,midslope,-1,960,30.98386677,58,0.628760269,2.25,df,2/10/2017,0.008333333,,
Mix03,2,EA/WH/MG,4/1/2016,,midslope,-1,1080,32.86335345,57,0.691636296,2.25,df,2/10/2017,0.008333333,,
Mix03,2,EA/WH/MG,4/1/2016,,midslope,-1,1200,34.64101615,56,0.754512323,2.25,df,2/10/2017,0.008333333,,
Mix03,2,EA/WH/MG,4/1/2016,,midslope,-1,1320,36.33180425,55,0.81738835,2.25,df,2/10/2017,0.008333333,,
Mix03,2,EA/WH/MG,4/1/2016,,midslope,-1,1440,37.94733192,54,0.880264377,2.25,df,2/10/2017,0.008333333,,
Mix03,3,EA/WH/MG,4/1/2016,,midslope,-1,0,0,72,0,2.25,df,2/10/2017,,0.000641026,
Mix03,3,EA/WH/MG,4/1/2016,,midslope,-1,120,10.95445115,71,0.062876027,2.25,df,2/10/2017,0.008333333,,
Mix03,3,EA/WH/MG,4/1/2016,,midslope,-1,240,15.49193338,70,0.125752054,2.25,df,2/10/2017,0.008333333,,
Mix03,3,EA/WH/MG,4/1/2016,,midslope,-1,360,18.97366596,69,0.188628081,2.25,df,2/10/2017,0.008333333,,
Mix03,3,EA/WH/MG,4/1/2016,,midslope,-1,480,21.9089023,68,0.251504108,2.25,df,2/10/2017,0.008333333,,
Mix03,3,EA/WH/MG,4/1/2016,,midslope,-1,600,24.49489743,67,0.314380135,2.25,df,2/10/2017,0.008333333,,
Mix03,3,EA/WH/MG,4/1/2016,,midslope,-1,720,26.83281573,66,0.377256161,2.25,df,2/10/2017,0.008333333,,
Mix03,3,EA/WH/MG,4/1/2016,,midslope,-1,840,28.98275349,65,0.440132188,2.25,df,2/10/2017,0.008333333,,
Mix03,3,EA/WH/MG,4/1/2016,,midslope,-1,960,30.98386677,64,0.503008215,2.25,df,2/10/2017,0.008333333,,
Mix03,3,EA/WH/MG,4/1/2016,,midslope,-1,1080,32.86335345,63,0.565884242,2.25,df,2/10/2017,0.008333333,,
Mix03,3,EA/WH/MG,4/1/2016,,midslope,-1,1200,34.64101615,62,0.628760269,2.25,df,2/10/2017,0.008333333,,
Mix03,3,EA/WH/MG,4/1/2016,,midslope,-1,1320,36.33180425,61,0.691636296,2.25,df,2/10/2017,0.008333333,,
Mix03,3,EA/WH/MG,4/1/2016,,midslope,-1,1440,37.94733192,60,0.754512323,2.25,df,2/10/2017,0.008333333,,
Mix03,3,EA/WH/MG,4/1/2016,,midslope,-1,1560,39.49683532,59,0.81738835,2.25,df,2/10/2017,0.008333333,,
Mix03,4,EA/WH/MG,4/1/2016,,midslope,-1,0,0,80,0,2.25,df,2/10/2017,,0.033333333,
Mix03,4,EA/WH/MG,4/1/2016,,midslope,-1,120,10.95445115,76,0.251504108,2.25,df,2/10/2017,0.033333333,,
Mix03,4,EA/WH/MG,4/1/2016,,midslope,-1,240,15.49193338,73,0.440132188,2.25,df,2/10/2017,0.025,,
Mix03,4,EA/WH/MG,4/1/2016,,midslope,-1,360,18.97366596,69,0.691636296,2.25,df,2/10/2017,0.033333333,,
Mix03,4,EA/WH/MG,4/1/2016,,midslope,-1,480,21.9089023,64,1.00601643,2.25,df,2/10/2017,0.041666667,,
Mix03,4,EA/WH/MG,4/1/2016,,midslope,-1,600,24.49489743,60,1.257520538,2.25,df,2/10/2017,0.033333333,,
Mix03,5,EA/WH/MG,4/1/2016,,midslope,-1,0,0,55,0,2.25,df,2/10/2017,0.041666667,0.045833333,
Mix03,5,EA/WH/MG,4/1/2016,,midslope,-1,120,10.95445115,51,0.251504108,2.25,df,2/10/2017,0.033333333,,
Mix03,5,EA/WH/MG,4/1/2016,,midslope,-1,240,15.49193338,46,0.565884242,2.25,df,2/10/2017,0.041666667,,
Mix03,5,EA/WH/MG,4/1/2016,,midslope,-1,360,18.97366596,40,0.943140404,2.25,df,2/10/2017,0.05,,
Mix03,5,EA/WH/MG,4/1/2016,,midslope,-1,480,21.9089023,33,1.383272592,2.25,df,2/10/2017,0.058333333,,
Nat01,3,TR,10/29/2015,Grazed within a year ,bottom ,-1,0,0,69,0,2.25,df,2/10/2017,,0.015833333,0.023444444
Nat01,3,TR,10/29/2015,,bottom ,-1,120,10.95445115,68,0.062876027,2.25,df,2/10/2017,0.008333333,,
Nat01,3,TR,10/29/2015,,bottom ,-1,240,15.49193338,67,0.125752054,2.25,df,2/10/2017,0.008333333,,
Nat01,3,TR,10/29/2015,,bottom ,-1,360,18.97366596,66,0.188628081,2.25,df,2/10/2017,0.008333333,,
Nat01,3,TR,10/29/2015,,bottom ,-1,480,21.9089023,65,0.251504108,2.25,df,2/10/2017,0.008333333,,
Nat01,3,TR,10/29/2015,,bottom ,-1,600,24.49489743,63,0.377256161,2.25,df,2/10/2017,0.016666667,,
Nat01,3,TR,10/29/2015,,bottom ,-1,720,26.83281573,61,0.503008215,2.25,df,2/10/2017,0.016666667,,
Nat01,3,TR,10/29/2015,,bottom ,-1,840,28.98275349,59,0.628760269,2.25,df,2/10/2017,0.016666667,,
Nat01,3,TR,10/29/2015,,bottom ,-1,960,30.98386677,56,0.81738835,2.25,df,2/10/2017,0.025,,
Nat01,3,TR,10/29/2015,,bottom ,-1,1080,32.86335345,53.5,0.974578417,2.25,df,2/10/2017,0.020833333,,
Nat01,3,TR,10/29/2015,,bottom ,-1,1200,34.64101615,50,1.194644511,2.25,df,2/10/2017,0.029166667,,
Nat01,5,TR,10/29/2015,,bottom ,-1,0,0,75,0,2.25,df,2/10/2017,,0.020833333,
Nat01,5,TR,10/29/2015,,bottom ,-1,120,10.95445115,72,0.188628081,2.25,df,2/10/2017,0.025,,
Nat01,5,TR,10/29/2015,,bottom ,-1,240,15.49193338,70,0.314380135,2.25,df,2/10/2017,0.016666667,,
Nat01,5,TR,10/29/2015,,bottom ,-1,360,18.97366596,69,0.377256161,2.25,df,2/10/2017,0.008333333,,
Nat01,5,TR,10/29/2015,,bottom ,-1,480,21.9089023,67,0.503008215,2.25,df,2/10/2017,0.016666667,,
Nat01,5,TR,10/29/2015,,bottom ,-1,600,24.49489743,64,0.691636296,2.25,df,2/10/2017,0.025,,
Nat01,5,TR,10/29/2015,,bottom ,-1,720,26.83281573,62,0.81738835,2.25,df,2/10/2017,0.016666667,,
Nat01,5,TR,10/29/2015,,bottom ,-1,840,28.98275349,59,1.00601643,2.25,df,2/10/2017,0.025,,
Nat01,5,TR,10/29/2015,,bottom ,-1,960,30.98386677,56,1.194644511,2.25,df,2/10/2017,0.025,,
Nat01,5,TR,10/29/2015,,bottom ,-1,1080,32.86335345,53,1.383272592,2.25,df,2/10/2017,0.025,,
Nat01,5,TR,10/29/2015,,bottom ,-1,1200,34.64101615,50,1.571900673,2.25,df,2/10/2017,0.025,,
Nat01,4,TR,10/29/2015,,bottom ,-1,0,0,71,0,2.25,df,2/10/2017,,0.015740741,
Nat01,4,TR,10/29/2015,,bottom ,-1,120,10.95445115,69,0.125752054,2.25,df,2/10/2017,0.016666667,,
Nat01,4,TR,10/29/2015,,bottom ,-1,240,15.49193338,66,0.314380135,2.25,df,2/10/2017,0.025,,
Nat01,4,TR,10/29/2015,,bottom ,-1,360,18.97366596,64,0.440132188,2.25,df,2/10/2017,0.016666667,,
Nat01,4,TR,10/29/2015,,bottom ,-1,480,21.9089023,62,0.565884242,2.25,df,2/10/2017,0.016666667,,
Nat01,4,TR,10/29/2015,,bottom ,-1,600,24.49489743,60,0.691636296,2.25,df,2/10/2017,0.016666667,,
Nat01,4,TR,10/29/2015,,bottom ,-1,720,26.83281573,58,0.81738835,2.25,df,2/10/2017,0.016666667,,
Nat01,4,TR,10/29/2015,,bottom ,-1,840,28.98275349,57,0.880264377,2.25,df,2/10/2017,0.008333333,,
Nat01,4,TR,10/29/2015,,bottom ,-1,960,30.98386677,55,1.00601643,2.25,df,2/10/2017,0.016666667,,
Nat01,4,TR,10/29/2015,,bottom ,-1,1080,32.86335345,54,1.068892457,2.25,df,2/10/2017,0.008333333,,
Nat01,6,TR,10/29/2015,,bottom ,-1,0,0,51,0,2.25,df,2/10/2017,0.025,0.019444444,
Nat01,6,TR,10/29/2015,,bottom ,-1,120,10.95445115,48,0.188628081,2.25,df,2/10/2017,0.025,,
Nat01,6,TR,10/29/2015,,bottom ,-1,240,15.49193338,45,0.377256161,2.25,df,2/10/2017,0.025,,
Nat01,6,TR,10/29/2015,,bottom ,-1,360,18.97366596,43,0.503008215,2.25,df,2/10/2017,0.016666667,,
Nat01,6,TR,10/29/2015,,bottom ,-1,480,21.9089023,41,0.628760269,2.25,df,2/10/2017,0.016666667,,
Nat01,6,TR,10/29/2015,,bottom ,-1,600,24.49489743,39,0.754512323,2.25,df,2/10/2017,0.016666667,,
Nat01,6,TR,10/29/2015,,bottom ,-1,720,26.83281573,37,0.880264377,2.25,df,2/10/2017,0.016666667,,
Nat01,6,TR,10/29/2015,,bottom ,-1,840,28.98275349,35,1.00601643,2.25,df,2/10/2017,0.016666667,,
Nat01,6,TR,10/29/2015,,bottom ,-1,960,30.98386677,33,1.131768484,2.25,df,2/10/2017,0.016666667,,
Nat01,6,TR,10/29/2015,,bottom ,-1,1080,32.86335345,30,1.320396565,2.25,df,2/10/2017,0.025,,
Nat01,2,TR,10/29/2015,,bottom ,-1,0,0,64,0,2.25,df,2/10/2017,,0.04537037,
Nat01,2,TR,10/29/2015,,bottom ,-1,120,10.95445115,60,0.251504108,2.25,df,2/10/2017,0.033333333,,
Nat01,2,TR,10/29/2015,,bottom ,-1,240,15.49193338,52,0.754512323,2.25,df,2/10/2017,0.066666667,,
Nat01,2,TR,10/29/2015,,bottom ,-1,360,18.97366596,48,1.00601643,2.25,df,2/10/2017,0.033333333,,
Nat01,2,TR,10/29/2015,,bottom ,-1,480,21.9089023,44,1.257520538,2.25,df,2/10/2017,0.033333333,,
Nat01,2,TR,10/29/2015,,bottom ,-1,600,24.49489743,36,1.760528753,2.25,df,2/10/2017,0.066666667,,
Nat01,2,TR,10/29/2015,,bottom ,-1,720,26.83281573,30,2.137784915,2.25,df,2/10/2017,0.05,,
Nat01,2,TR,10/29/2015,,bottom ,-1,840,28.98275349,26,2.389289022,2.25,df,2/10/2017,0.033333333,,
Nat01,2,TR,10/29/2015,,bottom ,-1,960,30.98386677,23,2.577917103,2.25,df,2/10/2017,0.025,,
Nat01,2,TR,10/29/2015,,bottom ,-1,1080,32.86335345,15,3.080925318,2.25,df,2/10/2017,0.066666667,,
Har01,1,WH,11/17/2015,"near bechtel house, grassland, steep, not recently grazed, harding grass and medusahead ",midslope,-1,0,0,73.5,0,2.25,df,2/10/2017,,0.024404762,0.051964286
Har01,1,WH,11/17/2015,,midslope,-1,120,10.95445115,71.5,0.125752054,2.25,df,2/10/2017,0.016666667,,
Har01,1,WH,11/17/2015,,midslope,-1,240,15.49193338,69,0.282942121,2.25,df,2/10/2017,0.020833333,,
Har01,1,WH,11/17/2015,,midslope,-1,360,18.97366596,66.5,0.440132188,2.25,df,2/10/2017,0.020833333,,
Har01,1,WH,11/17/2015,,midslope,-1,480,21.9089023,63.5,0.628760269,2.25,df,2/10/2017,0.025,,
Har01,1,WH,11/17/2015,,midslope,-1,600,24.49489743,60.5,0.81738835,2.25,df,2/10/2017,0.025,,
Har01,1,WH,11/17/2015,,midslope,-1,720,26.83281573,57,1.037454444,2.25,df,2/10/2017,0.029166667,,
Har01,1,WH,11/17/2015,,midslope,-1,840,28.98275349,53,1.288958551,2.25,df,2/10/2017,0.033333333,,
Har01,2,WH,11/17/2015,,midslope,-1,0,0,82,0,2.25,df,2/10/2017,,0.08125,
Har01,2,WH,11/17/2015,,midslope,-1,120,10.95445115,72,0.628760269,2.25,df,2/10/2017,0.083333333,,
Har01,2,WH,11/17/2015,,midslope,-1,240,15.49193338,65,1.068892457,2.25,df,2/10/2017,0.058333333,,
Har01,2,WH,11/17/2015,,midslope,-1,360,18.97366596,55,1.697652726,2.25,df,2/10/2017,0.083333333,,
Har01,2,WH,11/17/2015,,midslope,-1,480,21.9089023,43,2.452165049,2.25,df,2/10/2017,0.1,,
Har01,3,WH,11/17/2015,,midslope,-1,0,0,63,0,2.25,df,2/10/2017,-0.166666667,0.058333333,
Har01,3,WH,11/17/2015,,midslope,-1,120,10.95445115,55,0.503008215,2.25,df,2/10/2017,0.066666667,,
Har01,3,WH,11/17/2015,,midslope,-1,240,15.49193338,48,0.943140404,2.25,df,2/10/2017,0.058333333,,
Har01,3,WH,11/17/2015,,midslope,-1,360,18.97366596,42,1.320396565,2.25,df,2/10/2017,0.05,,
Har01,3,WH,11/17/2015,,midslope,-1,480,21.9089023,*,#VALUE!,2.25,df,2/10/2017,#VALUE!,,
Har01,4,WH,11/17/2015,,midslope,-1,0,0,76,0,2.25,df,2/10/2017,,0.041666667,
Har01,4,WH,11/17/2015,,midslope,-1,120,10.95445115,71,0.314380135,2.25,df,2/10/2017,0.041666667,,
Har01,4,WH,11/17/2015,,midslope,-1,240,15.49193338,66.5,0.597322256,2.25,df,2/10/2017,0.0375,,
Har01,4,WH,11/17/2015,,midslope,-1,360,18.97366596,61.5,0.91170239,2.25,df,2/10/2017,0.041666667,,
Har01,4,WH,11/17/2015,,midslope,-1,480,21.9089023,56,1.257520538,2.25,df,2/10/2017,0.045833333,,
Har01,5,WH,11/17/2015,,midslope,-1,0,0,63.5,0,2.25,df,2/10/2017,,0.1125,
Har01,5,WH,11/17/2015,,midslope,-1,120,10.95445115,52,0.723074309,2.25,df,2/10/2017,0.095833333,,
Har01,5,WH,11/17/2015,,midslope,-1,240,15.49193338,39,1.540462659,2.25,df,2/10/2017,0.108333333,,
Har01,5,WH,11/17/2015,,midslope,-1,360,18.97366596,23,2.546479089,2.25,df,2/10/2017,0.133333333,,
Har01,5,WH,11/17/2015,,midslope,-1,480,21.9089023,*,#VALUE!,2.25,df,2/10/2017,#VALUE!,,
Med01,1,WH/MG,12/15/2015,"Not recently grazed, rained 2 days ago",midslope,-2,0,0,81,0,2.25,df,2/10/2017,,0.015740741,0.014219577
Med01,1,WH/MG,12/15/2015,,midslope,-2,120,10.95445115,78,0.188628081,2.25,df,2/10/2017,0.025,,
Med01,1,WH/MG,12/15/2015,,midslope,-2,240,15.49193338,75,0.377256161,2.25,df,2/10/2017,0.025,,
Med01,1,WH/MG,12/15/2015,,midslope,-2,360,18.97366596,74,0.440132188,2.25,df,2/10/2017,0.008333333,,
Med01,1,WH/MG,12/15/2015,,midslope,-2,480,21.9089023,72,0.565884242,2.25,df,2/10/2017,0.016666667,,
Med01,1,WH/MG,12/15/2015,,midslope,-2,600,24.49489743,70,0.691636296,2.25,df,2/10/2017,0.016666667,,
Med01,1,WH/MG,12/15/2015,,midslope,-2,720,26.83281573,68,0.81738835,2.25,df,2/10/2017,0.016666667,,
Med01,1,WH/MG,12/15/2015,,midslope,-2,840,28.98275349,67,0.880264377,2.25,df,2/10/2017,0.008333333,,
Med01,1,WH/MG,12/15/2015,,midslope,-2,960,30.98386677,65,1.00601643,2.25,df,2/10/2017,0.016666667,,
Med01,1,WH/MG,12/15/2015,,midslope,-2,1080,32.86335345,64,1.068892457,2.25,df,2/10/2017,0.008333333,,
Med01,2,WH/MG,12/15/2015,,midslope,-2,0,0,56,0,2.25,df,2/10/2017,,0.016666667,
Med01,2,WH/MG,12/15/2015,,midslope,-2,120,10.95445115,54,0.125752054,2.25,df,2/10/2017,0.016666667,,
Med01,2,WH/MG,12/15/2015,,midslope,-2,240,15.49193338,52,0.251504108,2.25,df,2/10/2017,0.016666667,,
Med01,2,WH/MG,12/15/2015,,midslope,-2,360,18.97366596,50,0.377256161,2.25,df,2/10/2017,0.016666667,,
Med01,2,WH/MG,12/15/2015,,midslope,-2,480,21.9089023,48,0.503008215,2.25,df,2/10/2017,0.016666667,,
Med01,2,WH/MG,12/15/2015,,midslope,-2,600,24.49489743,46,0.628760269,2.25,df,2/10/2017,0.016666667,,
Med01,2,WH/MG,12/15/2015,,midslope,-2,720,26.83281573,44,0.754512323,2.25,df,2/10/2017,0.016666667,,
Med01,2,WH/MG,12/15/2015,,midslope,-2,840,28.98275349,42,0.880264377,2.25,df,2/10/2017,0.016666667,,
Med01,2,WH/MG,12/15/2015,,midslope,-2,960,30.98386677,40,1.00601643,2.25,df,2/10/2017,0.016666667,,
Med01,3,WH/MG,12/15/2015,,midslope,-2,0,0,73,0,2.25,df,2/10/2017,,0.008333333,
Med01,3,WH/MG,12/15/2015,,midslope,-2,120,10.95445115,70,0.188628081,2.25,df,2/10/2017,0.025,,
Med01,3,WH/MG,12/15/2015,,midslope,-2,240,15.49193338,66,0.440132188,2.25,df,2/10/2017,0.033333333,,
Med01,3,WH/MG,12/15/2015,,midslope,-2,360,18.97366596,62,0.691636296,2.25,df,2/10/2017,0.033333333,,
Med01,3,WH/MG,12/15/2015,,midslope,-2,480,21.9089023,58,0.943140404,2.25,df,2/10/2017,0.033333333,,
Med01,3,WH/MG,12/15/2015,,midslope,-2,600,24.49489743,54,1.194644511,2.25,df,2/10/2017,0.033333333,,
Med01,4,WH/MG,12/15/2015,,midslope,-2,0,0,68,0,2.25,df,2/10/2017,,0.010119048,
Med01,4,WH/MG,12/15/2015,,midslope,-2,120,10.95445115,67,0.062876027,2.25,df,2/10/2017,0.008333333,,
Med01,4,WH/MG,12/15/2015,,midslope,-2,240,15.49193338,65,0.188628081,2.25,df,2/10/2017,0.016666667,,
Med01,4,WH/MG,12/15/2015,,midslope,-2,360,18.97366596,64,0.251504108,2.25,df,2/10/2017,0.008333333,,
Med01,4,WH/MG,12/15/2015,,midslope,-2,480,21.9089023,63,0.314380135,2.25,df,2/10/2017,0.008333333,,
Med01,4,WH/MG,12/15/2015,,midslope,-2,600,24.49489743,62,0.377256161,2.25,df,2/10/2017,0.008333333,,
Med01,4,WH/MG,12/15/2015,,midslope,-2,720,26.83281573,61,0.440132188,2.25,df,2/10/2017,0.008333333,,
Med01,4,WH/MG,12/15/2015,,midslope,-2,840,28.98275349,60,0.503008215,2.25,df,2/10/2017,0.008333333,,
Med01,4,WH/MG,12/15/2015,,midslope,-2,960,30.98386677,59,0.565884242,2.25,df,2/10/2017,0.008333333,,
Med01,4,WH/MG,12/15/2015,,midslope,-2,1080,32.86335345,58,0.628760269,2.25,df,2/10/2017,0.008333333,,
Med01,4,WH/MG,12/15/2015,,midslope,-2,1200,34.64101615,57,0.691636296,2.25,df,2/10/2017,0.008333333,,
Med01,4,WH/MG,12/15/2015,,midslope,-2,1320,36.33180425,55,0.81738835,2.25,df,2/10/2017,0.016666667,,
Med01,4,WH/MG,12/15/2015,,midslope,-2,1440,37.94733192,54,0.880264377,2.25,df,2/10/2017,0.008333333,,
Med01,4,WH/MG,12/15/2015,,midslope,-2,1560,39.49683532,53,0.943140404,2.25,df,2/10/2017,0.008333333,,
Med01,4,WH/MG,12/15/2015,,midslope,-2,1680,40.98780306,51,1.068892457,2.25,df,2/10/2017,0.016666667,,
Med01,5,WH/MG,12/15/2015,,midslope,-2,0,0,58,0,2.25,df,2/10/2017,,0.020238095,
Med01,5,WH/MG,12/15/2015,,midslope,-2,120,10.95445115,55,0.188628081,2.25,df,2/10/2017,0.025,,
Med01,5,WH/MG,12/15/2015,,midslope,-2,240,15.49193338,53,0.314380135,2.25,df,2/10/2017,0.016666667,,
Med01,5,WH/MG,12/15/2015,,midslope,-2,360,18.97366596,51,0.440132188,2.25,df,2/10/2017,0.016666667,,
Med01,5,WH/MG,12/15/2015,,midslope,-2,480,21.9089023,48,0.628760269,2.25,df,2/10/2017,0.025,,
Med01,5,WH/MG,12/15/2015,,midslope,-2,600,24.49489743,46,0.754512323,2.25,df,2/10/2017,0.016666667,,
Med01,5,WH/MG,12/15/2015,,midslope,-2,720,26.83281573,44,0.880264377,2.25,df,2/10/2017,0.016666667,,
Med01,5,WH/MG,12/15/2015,,midslope,-2,840,28.98275349,41,1.068892457,2.25,df,2/10/2017,0.025,,
